Date,United States(USD),Europe(EUR),Japan(JPY),United Kingdom(GBP),Canada(CAD),Switzerland(CHF),India(INR),China(CNY),Turkey(TRY),Saudi Arabia(SAR),Indonesia(IDR),United Arab Emirates(AED),Thailand(THB),Vietnam(VND),Egypt(EGP),South Korean(KRW),Australia(AUD),South Africa(ZAR)
31-01-1990,415.1,321.3,59972.3,247.1,492.0,623.8,7041.0,1930.2,1.0,1557.4,745400.5,1524.9,10623.3,1867170.0,1059.9,283240.8,540.0,1063.2
28-02-1990,407.7,316.2,60672.5,241.2,485.7,607.9,6957.4,1936.8,1.0,1527.7,747408.3,1496.0,10494.1,1853648.1,1085.6,282356.4,534.1,1040.4
30-03-1990,368.5,283.9,57987.1,223.7,431.0,550.8,6334.4,1717.1,0.9,1376.8,652783.7,1348.1,9506.1,1622520.2,947.3,257424.6,488.4,976.9
30-04-1990,367.8,280.7,58375.7,224.3,428.3,533.9,6379.3,1739.6,0.9,1370.0,669724.5,1341.5,9510.6,1651644.8,982.5,258294.2,488.9,975.8
31-05-1990,363.1,280.2,55420.9,216.5,426.2,520.1,6295.5,1717.4,0.9,1371.7,671905.9,1343.2,9352.3,1646877.6,988.3,261068.1,472.2,967.3
29-06-1990,352.2,265.9,53602.3,201.9,410.7,498.7,6140.5,1652.2,0.9,1317.0,643678.6,1289.7,9085.1,1571727.9,946.9,251163.5,444.5,936.0
31-07-1990,372.3,267.8,54393.8,200.2,429.8,501.9,6457.2,1736.9,1.0,1385.8,683200.3,1357.0,9487.6,1660937.8,996.3,264292.9,469.7,963.1
31-08-1990,387.8,278.0,55780.7,204.9,447.7,507.1,6783.8,1847.0,1.1,1471.9,732412.1,1441.0,9844.9,1767463.9,1073.6,280291.5,476.3,996.0
28-09-1990,408.4,291.9,56458.8,218.0,471.4,530.3,7333.1,1937.9,1.1,1531.7,750542.5,1499.5,10321.7,1841723.5,1111.7,291580.3,493.7,1045.6
31-10-1990,379.5,262.6,49292.1,195.2,443.1,488.0,6895.0,1790.7,1.1,1427.5,728429.8,1397.4,9507.0,2408684.4,1071.3,272351.0,484.0,965.2
30-11-1990,384.9,264.8,51237.2,198.4,449.0,491.5,6999.6,2037.1,1.1,1443.4,733905.2,1413.7,9642.3,2478753.2,1107.1,274260.4,496.4,967.2
31-12-1990,386.2,265.7,53028.2,200.1,453.8,498.4,6948.9,2039.2,1.1,1454.9,743695.8,1425.0,9633.2,2543477.4,1116.8,279605.7,506.5,1000.3
31-01-1991,366.0,251.1,48101.6,186.3,426.0,460.1,6810.6,1903.0,1.1,1369.5,697763.3,1341.7,9167.7,2486522.0,1069.8,262751.9,467.8,930.0
28-02-1991,362.7,256.1,48220.8,189.9,417.5,480.8,6917.0,1927.8,1.2,1365.5,708074.8,1337.4,9141.1,2662609.1,1106.8,263600.6,462.7,931.1
29-03-1991,355.7,279.8,50208.2,204.5,411.3,517.4,6942.2,1914.9,1.3,1328.8,703234.4,1301.4,9121.3,2652360.9,1192.0,258393.5,457.7,971.9
30-04-1991,357.8,282.5,48765.2,207.5,412.1,518.3,7226.6,1853.7,1.4,1318.2,677328.2,1290.8,9147.1,2746716.8,1149.6,255187.4,456.2,992.3
31-05-1991,360.4,288.9,49902.4,212.1,412.8,534.0,7527.3,1959.4,1.5,1358.5,712877.6,1330.2,9212.6,2916526.2,1215.5,262950.0,477.5,1024.0
28-06-1991,368.4,308.5,50793.2,227.5,420.9,573.9,7785.6,1993.5,1.6,1389.2,720144.0,1360.3,9469.3,3050151.2,1185.3,269465.6,480.5,1063.9
31-07-1991,362.9,292.9,49851.5,215.3,418.5,553.4,9348.0,1927.0,1.6,1359.2,709925.5,1331.0,9313.5,3199789.1,1211.9,261978.9,466.5,1040.8
30-08-1991,347.4,280.8,47532.4,206.7,396.2,530.6,8953.7,1875.9,1.6,1305.6,687789.9,1278.5,8958.8,3144969.1,1151.8,255223.2,441.7,1002.1
30-09-1991,354.9,273.6,47121.0,202.5,401.2,514.2,9120.5,1889.6,1.7,1336.0,698068.3,1303.4,9039.5,3739925.1,1174.2,262333.6,443.0,993.3
31-10-1991,357.5,276.7,46668.5,205.1,401.1,523.6,9241.4,1875.4,1.8,1340.5,694845.4,1312.6,9097.8,3929005.0,1182.2,268195.4,458.6,1010.1
29-11-1991,366.3,277.9,47629.4,207.5,415.4,526.1,9466.7,1973.8,1.9,1371.4,740279.1,1343.1,9297.6,4681072.3,1237.1,277075.4,467.2,1022.3
31-12-1991,353.2,250.3,44151.4,188.8,408.5,478.8,9080.6,1900.6,1.8,1321.0,706524.6,1293.7,8922.8,4586186.2,1171.1,268147.8,465.1,968.5
31-01-1992,354.1,264.7,44460.3,197.8,415.5,505.9,9182.9,1936.5,2.0,1322.0,708094.9,1294.6,9010.8,4169040.6,1176.6,268166.3,472.3,993.8
28-02-1992,353.1,269.0,45619.6,201.0,417.5,524.0,9210.3,1926.0,2.1,1327.9,713864.6,1300.5,8995.3,3945745.2,1203.1,271728.1,470.4,1007.2
31-03-1992,341.7,261.7,45481.3,196.9,406.8,512.9,9913.3,1876.5,2.1,1281.1,691011.2,1254.6,8732.0,3793965.2,1146.6,264928.4,445.0,985.3
30-04-1992,336.4,258.0,44875.1,189.6,402.0,510.4,9615.7,1838.5,2.2,1261.4,680938.4,1244.8,8595.9,3813917.0,1116.8,261431.7,443.2,963.5
29-05-1992,337.5,251.3,43087.1,184.5,406.9,491.8,9669.2,1853.6,2.3,1245.7,677051.2,1233.4,8589.7,3765644.8,1119.4,262019.3,445.7,957.3
30-06-1992,343.4,243.1,43240.7,180.4,410.8,472.1,9838.5,1837.3,2.4,1286.5,699544.4,1259.8,8678.8,3855172.1,1138.7,271352.0,459.3,951.8
31-07-1992,357.9,246.8,45570.0,186.4,424.6,472.0,10174.5,1929.7,2.5,1343.4,732421.5,1315.6,9043.2,3998228.2,1189.1,282683.0,481.9,989.3
31-08-1992,340.0,224.5,41899.6,171.5,406.8,428.0,9700.0,1849.3,2.4,1273.8,697878.9,1247.4,8581.0,3695804.2,1123.6,267308.5,473.4,931.7
30-09-1992,349.0,241.3,41874.1,195.9,435.5,431.0,9903.8,1847.3,2.5,1315.1,715105.3,1287.8,8735.3,3685588.9,1153.4,275448.5,487.3,974.0
30-10-1992,339.3,255.0,41795.6,217.1,421.0,467.9,9632.5,1958.8,2.7,1272.3,701908.8,1245.9,8598.0,3734205.3,1126.3,266395.4,488.0,1004.8
30-11-1992,334.2,261.4,41568.0,220.8,429.8,480.3,9425.6,1913.0,2.8,1252.5,689393.3,1227.1,8534.4,3587429.9,1101.9,262380.9,487.8,1005.3
31-12-1992,332.9,266.7,41576.2,219.9,425.3,487.8,9639.3,1931.5,2.9,1249.8,685837.3,1224.0,8436.2,3611720.4,1108.5,262056.7,484.7,1017.8
29-01-1993,330.5,264.3,41222.9,222.2,419.5,491.1,9642.4,1953.9,2.9,1243.2,697207.4,1217.5,8426.8,3586616.5,1103.1,266748.9,489.1,1017.4
26-02-1993,327.6,270.5,38676.6,230.2,409.2,500.2,9885.6,1929.1,3.0,1227.1,683127.0,1201.7,8356.9,3522924.5,1093.5,262379.4,471.0,1027.4
31-03-1993,337.8,275.0,38817.3,224.4,424.5,504.9,10539.9,1910.6,3.2,1265.8,695490.7,1239.8,8555.5,3509393.2,1130.2,265808.4,477.7,1073.0
30-04-1993,354.3,281.1,39404.3,225.8,450.8,508.1,11114.5,2024.3,3.5,1333.0,738775.7,1305.4,8930.9,3752160.9,1186.3,281994.9,500.5,1122.1
31-05-1993,377.5,300.7,40441.1,241.8,479.9,535.0,11780.3,2163.6,3.8,1415.7,784975.0,1386.5,9447.1,3985904.9,1248.5,299838.2,545.1,1198.8
30-06-1993,378.5,321.1,40417.0,253.4,485.5,571.4,11869.9,2157.0,4.1,1435.8,802263.3,1406.0,9578.4,3986029.8,1270.3,307523.9,573.6,1273.7
30-07-1993,401.8,354.8,42136.4,270.5,515.4,611.4,12585.5,2362.2,4.6,1501.0,842476.7,1467.2,10112.7,4384188.8,1346.9,323503.5,583.0,1352.7
31-08-1993,371.6,319.0,38903.5,249.8,490.7,550.1,11702.3,2164.5,4.4,1393.6,785905.5,1364.3,9364.3,4012317.1,1245.6,301068.1,553.9,1255.5
30-09-1993,355.5,298.7,37737.0,237.7,474.8,508.1,11159.0,2083.0,4.4,1342.5,759562.6,1314.3,9054.5,3868901.2,1193.0,289915.0,555.5,1230.1
29-10-1993,369.6,318.9,40092.8,248.6,488.8,548.9,11602.7,2139.0,4.8,1387.2,780876.4,1358.2,9368.7,3975044.4,1244.2,298819.0,554.8,1240.4
30-11-1993,370.9,327.9,40475.4,249.9,496.5,556.5,11630.4,2157.5,5.1,1395.3,785713.1,1366.4,9419.3,4007217.6,1247.0,300630.1,564.2,1252.0
31-12-1993,391.8,348.2,43592.9,264.8,517.1,580.1,12252.6,2265.5,5.8,1465.0,824654.2,1432.0,9977.9,4226900.8,1316.7,315272.6,575.5,1327.2
31-01-1994,377.9,335.2,41194.5,252.1,501.2,554.2,11853.7,3287.8,6.6,1417.3,799380.2,1390.1,9617.9,4109174.2,1272.5,305372.3,532.8,1293.3
28-02-1994,381.6,333.0,39738.5,256.8,515.9,544.9,11967.3,3317.5,7.7,1430.9,818472.9,1403.2,9660.9,4139181.9,1286.2,308235.1,535.3,1324.6
31-03-1994,389.2,331.0,39991.6,262.2,538.1,548.3,12209.6,3389.3,10.1,1459.7,838754.3,1429.4,9819.8,4253041.4,1316.3,314153.4,555.2,1354.7
29-04-1994,376.5,317.5,38204.0,248.3,520.1,529.8,11808.3,3269.4,13.0,1411.8,811815.2,1380.0,9479.0,4099915.3,1266.5,304058.8,527.7,1325.3
31-05-1994,387.6,325.3,40565.7,256.4,537.4,543.6,12159.4,3356.6,12.2,1453.6,838890.9,1423.3,9767.8,4239984.3,1310.3,312377.3,525.0,1407.2
30-06-1994,388.3,317.6,38004.2,251.6,532.3,515.5,12085.7,3333.2,12.0,1444.9,836010.0,1420.0,9647.0,4237276.3,1301.8,310155.7,527.3,1407.2
29-07-1994,384.0,313.4,38468.4,249.9,530.7,516.7,12046.5,3310.1,12.0,1440.2,831531.0,1417.3,9611.9,4187886.8,1297.6,308245.9,519.7,1412.2
31-08-1994,385.8,313.0,38642.4,251.1,529.1,513.1,12100.5,3301.7,13.2,1446.7,838524.1,1416.2,9659.2,4288263.9,1302.4,308812.1,518.2,1383.8
30-09-1994,394.9,314.8,39077.3,250.4,529.6,508.5,12383.2,3368.0,13.5,1481.0,859191.4,1450.0,9861.1,4292387.8,1333.9,315358.6,533.6,1408.2
31-10-1994,383.9,298.4,37215.4,235.4,519.2,482.9,12044.2,3272.8,13.8,1439.9,833411.7,1413.8,9567.0,4185222.6,1292.4,305995.3,517.2,1344.0
30-11-1994,383.1,311.1,37909.1,244.8,526.9,509.0,12027.8,3259.9,14.0,1437.2,834629.1,1408.6,9598.7,4202716.5,1305.5,304420.1,498.5,1361.1
30-12-1994,383.3,308.8,38236.9,245.0,537.6,501.6,12022.1,3237.0,14.8,1437.7,842383.5,1407.6,9621.5,4243700.5,1306.4,302192.6,494.1,1358.4
31-01-1995,374.9,297.3,37096.3,236.2,529.9,478.4,11762.5,3163.6,15.2,1406.0,831153.1,1377.0,9391.2,4141304.5,1274.5,295945.9,495.1,1324.6
28-02-1995,376.4,293.6,36397.9,238.2,523.7,467.2,11828.8,3173.5,15.6,1411.7,834384.5,1382.5,9387.4,4172605.4,1281.6,297224.1,510.4,1355.9
31-03-1995,392.0,291.4,33868.8,240.7,549.9,441.4,12314.7,3303.2,16.5,1470.2,877296.0,1439.8,9662.8,4395106.2,1337.7,302663.1,534.4,1402.0
28-04-1995,389.8,291.5,32746.8,242.2,530.4,445.1,12250.8,3276.8,16.6,1461.8,870311.8,1431.6,9585.9,4369884.8,1331.3,297125.9,535.5,1409.8
31-05-1995,384.3,289.9,32529.1,241.9,526.1,448.7,12076.6,3191.8,16.6,1441.4,855643.5,1411.5,9484.5,4358805.3,1314.6,291241.6,533.9,1414.2
30-06-1995,387.1,287.1,32860.5,243.3,531.8,445.9,12153.4,3212.9,17.1,1451.7,861959.9,1421.6,9554.3,4270713.8,1319.2,293480.5,546.0,1407.4
31-07-1995,383.4,280.7,33750.1,239.6,526.1,439.5,12042.9,3181.9,17.3,1437.8,856403.6,1408.0,9489.8,4234649.9,1304.4,290214.8,518.5,1387.7
31-08-1995,382.4,295.0,37451.2,246.8,513.6,461.1,12179.8,3181.1,18.4,1434.1,866595.9,1404.2,9581.7,4204096.2,1299.6,295632.9,507.8,1398.6
29-09-1995,384.0,289.0,37881.6,242.6,517.3,441.2,13027.2,3194.3,18.9,1440.2,870144.0,1410.4,9630.7,4232637.2,1306.2,294988.8,508.7,1402.1
31-10-1995,382.7,285.6,39124.0,242.5,514.7,434.9,13086.6,3181.7,19.6,1435.1,868997.9,1405.5,9627.5,4218096.8,1300.6,292784.4,503.0,1395.5
30-11-1995,387.8,294.6,39373.3,253.6,526.6,455.2,13532.3,3223.2,21.3,1454.4,885540.9,1424.4,9757.0,4357054.4,1319.7,298857.8,521.6,1422.1
29-12-1995,387.0,290.7,39921.0,249.3,527.8,445.3,13608.9,3218.8,23.6,1451.4,884875.5,1421.4,9748.5,4261810.8,1317.2,300215.3,520.2,1410.8
31-01-1996,405.6,314.8,43359.4,268.4,558.0,490.8,14776.2,3371.7,25.5,1521.0,929317.4,1489.5,10276.6,4416734.0,1378.1,318458.0,544.5,1480.2
29-02-1996,400.7,306.5,42136.4,261.7,549.6,480.2,13892.5,3333.9,26.5,1502.6,928105.5,1471.5,10100.4,4439553.8,1362.9,313528.4,523.9,1550.5
29-03-1996,396.4,304.5,42330.2,259.7,540.0,471.8,13515.5,3303.1,28.1,1486.5,926467.8,1455.7,9999.9,4365015.7,1347.8,310044.7,506.7,1576.8
30-04-1996,391.3,308.7,40990.6,260.8,532.8,487.1,13597.7,3259.6,29.4,1467.4,911532.9,1437.2,9880.3,4336371.4,1331.1,304529.1,497.7,1691.4
31-05-1996,390.6,307.0,42218.4,252.1,535.5,489.1,13681.0,3251.5,30.7,1464.7,910957.4,1434.6,9888.3,4300538.8,1328.0,307733.7,489.1,1702.8
28-06-1996,382.0,298.6,41899.7,245.9,521.7,478.2,13457.9,3179.0,31.4,1432.7,889105.0,1403.1,9702.8,4207350.3,1297.1,309878.4,485.3,1654.3
31-07-1996,385.3,293.5,41121.1,247.5,529.6,461.2,13697.4,3202.1,32.1,1445.1,906032.5,1415.0,9730.7,4240825.4,1310.5,313210.1,498.5,1736.7
30-08-1996,386.5,294.9,41968.5,247.3,528.8,462.8,13784.7,3210.0,33.5,1449.4,905065.8,1419.4,9779.1,4275566.3,1313.5,316599.1,488.4,1734.2
30-09-1996,379.0,296.1,42211.1,242.4,516.3,475.1,13511.3,3146.3,34.8,1421.4,879848.5,1392.1,9633.2,4180559.7,1288.4,313054.0,479.0,1719.3
31-10-1996,379.5,294.3,43164.3,233.1,509.0,477.7,13510.2,3149.9,36.5,1423.3,883665.8,1393.7,9679.1,4136002.0,1290.3,313865.3,478.5,1781.0
29-11-1996,371.3,291.8,42253.9,221.0,500.4,483.5,13262.8,3082.2,38.0,1392.5,870698.0,1363.8,9483.2,4119384.0,1262.3,307789.0,455.9,1711.1
31-12-1996,369.3,290.5,42858.8,215.8,506.1,495.8,13228.4,3064.2,40.3,1385.0,872353.1,1356.0,9467.6,4068831.3,1252.8,312200.9,464.9,1727.2
31-01-1997,345.5,288.7,41943.7,215.6,465.8,491.7,12394.8,2865.4,40.1,1295.8,821080.8,1268.7,8953.6,3863552.3,1174.7,298563.7,453.2,1577.7
28-02-1997,358.6,310.1,43279.4,219.8,490.2,528.9,12866.6,2974.7,44.1,1344.9,859743.2,1316.8,9285.9,4007156.4,1216.6,309955.7,462.0,1607.1
31-03-1997,348.2,297.5,43104.4,212.0,481.0,501.5,12489.9,2888.1,44.5,1305.8,835907.9,1278.7,9043.2,4172631.5,1182.4,311768.2,444.1,1539.0
30-04-1997,340.2,300.8,43168.4,209.6,475.4,501.2,12162.1,2821.4,46.1,1275.7,826564.3,1249.0,8886.4,3964787.0,1154.9,303413.7,435.1,1512.5
30-05-1997,345.6,301.6,40272.8,211.3,476.7,488.9,12363.8,2865.8,48.8,1296.2,840671.6,1269.4,8612.4,4029693.0,1171.5,308102.3,454.0,1544.5
30-06-1997,334.6,296.9,38282.5,201.0,461.5,487.7,11976.9,2773.7,49.7,1254.8,813457.9,1228.8,8666.5,3903361.2,1137.1,297080.2,446.5,1517.4
31-07-1997,326.4,305.2,38639.8,199.3,451.1,493.5,11649.1,2705.5,52.2,1224.0,853404.9,1198.7,10402.4,3812581.8,1107.4,290451.4,438.0,1504.6
29-08-1997,325.4,298.5,39136.3,200.6,451.8,482.9,11820.0,2696.6,54.5,1220.3,959782.1,1195.0,11123.7,3805619.3,1105.5,293628.2,443.0,1526.4
30-09-1997,332.1,298.8,40094.4,205.6,459.2,482.3,12012.1,2751.4,57.9,1245.5,1085966.5,1219.7,12055.2,3891712.3,1127.5,303688.7,458.6,1548.4
31-10-1997,311.4,273.0,37452.1,185.7,438.8,434.8,11324.1,2579.5,57.1,1168.3,1122596.7,1143.7,12775.2,3800638.5,1059.5,300438.5,441.8,1498.6
28-11-1997,296.8,266.6,37879.1,176.2,422.5,423.2,11452.0,2457.4,58.1,1113.2,1082577.3,1090.1,11946.2,3646634.9,1009.3,347107.4,433.7,1441.4
31-12-1997,290.2,266.1,37733.3,176.4,415.3,423.3,11378.7,2402.7,60.1,1088.4,1594648.7,1065.8,13973.1,3567035.9,987.4,491888.9,445.4,1412.3
30-01-1998,304.9,284.5,38655.0,186.5,445.6,449.8,11834.3,2523.7,66.7,1143.4,3200923.5,1119.7,16080.8,3746759.0,1040.3,464591.2,444.8,1505.0
27-02-1998,297.4,275.7,37570.5,180.6,423.3,436.5,11702.7,2462.1,68.7,1115.5,2631989.1,1092.3,12817.9,3858168.8,1012.3,485654.0,436.5,1469.6
31-03-1998,301.0,284.2,40139.9,179.8,428.1,458.9,11884.2,2492.1,73.2,1128.8,2603650.0,1105.6,11814.3,3906566.0,1025.3,416885.0,453.9,1516.7
30-04-1998,310.7,284.8,41052.8,185.8,444.4,466.0,12339.5,2571.9,77.7,1165.2,2508902.1,1141.2,12016.3,4034284.8,1059.5,415250.5,476.5,1571.1
29-05-1998,293.6,267.3,40682.7,180.1,427.2,434.1,12235.8,2430.8,75.8,1101.3,3317678.3,1078.4,11858.5,3811807.7,1001.6,413241.8,468.7,1513.8
30-06-1998,296.3,273.0,41122.0,177.6,435.7,449.4,12555.7,2453.3,78.9,1111.4,4385237.1,1088.3,12533.5,3847599.5,1010.8,406819.6,478.4,1745.2
31-07-1998,288.9,262.4,41704.1,176.6,435.4,430.5,12287.7,2391.7,78.4,1083.4,3798375.6,1061.0,11799.5,3753198.4,989.2,355429.8,475.6,1773.5
31-08-1998,273.4,246.3,38601.3,163.3,427.7,395.4,11625.0,2263.8,75.9,1025.7,3062078.9,1004.2,11455.5,3802311.6,932.6,369226.6,477.7,1756.7
30-09-1998,293.9,251.0,39998.8,172.9,448.5,406.8,12460.1,2432.5,81.6,1102.2,3144193.4,1079.3,11615.9,4085687.0,1002.0,408671.7,496.1,1727.8
30-10-1998,292.3,247.5,34061.7,174.5,452.2,395.8,12381.8,2419.6,84.2,1096.3,2221478.5,1073.6,10740.6,4064597.7,1002.6,385689.6,469.7,1639.8
30-11-1998,294.7,254.8,36224.5,178.5,450.7,410.1,12548.3,2439.6,89.4,1105.3,2188147.1,1082.4,10638.7,4091914.1,1006.2,367196.1,468.7,1676.8
31-12-1998,287.8,245.1,32463.8,173.0,442.1,395.3,12230.4,2382.7,90.8,1079.5,2288008.5,1057.1,10457.2,3998402.7,981.4,346079.3,469.2,1693.1
29-01-1999,285.4,251.3,33186.3,173.7,431.2,405.1,12130.9,2362.5,95.2,1070.4,2554329.1,1048.2,10545.5,3961350.6,974.0,335344.9,454.2,1728.2
26-02-1999,287.1,261.5,34058.5,179.2,433.3,416.0,12249.9,2376.5,101.8,1077.2,2536802.7,1054.4,10712.7,3987695.9,981.4,351205.4,462.2,1778.3
31-03-1999,279.5,258.9,33095.3,173.1,422.8,413.6,11857.1,2313.9,104.3,1048.0,2424228.3,1026.4,10497.5,3884913.2,953.8,342885.1,442.5,1728.4
30-04-1999,286.6,270.9,34210.0,178.0,417.4,436.4,12260.7,2372.8,112.2,1074.9,2317159.8,1052.7,10637.2,3986174.1,986.6,340623.9,432.4,1749.6
31-05-1999,268.6,257.6,32714.1,167.5,396.6,409.8,11509.5,2223.6,109.2,1007.4,2168943.8,986.6,9963.7,3736895.5,917.2,318653.4,414.0,1666.7
30-06-1999,261.0,253.1,31591.4,165.6,386.3,405.8,11317.3,2160.7,110.2,978.9,1796985.0,958.6,9624.4,3636382.5,890.8,302107.5,394.3,1575.0
30-07-1999,255.6,238.8,29333.9,157.8,383.6,381.6,11070.0,2115.7,109.8,958.6,1747664.9,938.8,9509.6,3565108.7,872.8,307614.6,391.4,1575.4
31-08-1999,254.8,241.2,27937.5,158.5,380.2,386.1,11075.5,2109.0,113.5,955.6,1955589.9,935.9,9772.9,3557517.4,870.1,300791.4,399.9,1549.7
30-09-1999,299.0,280.8,31834.5,181.6,439.4,448.7,13034.9,2475.1,138.0,1121.3,2498145.0,1098.2,12236.6,4184206.0,1020.4,363733.5,458.2,1794.0
29-10-1999,299.1,284.6,31214.1,182.3,440.0,455.7,12977.9,2475.9,143.8,1121.7,2041356.5,1098.6,11545.3,4190239.4,1025.9,358770.3,469.3,1838.0
30-11-1999,291.4,289.4,29771.6,182.9,429.2,463.5,12649.7,2412.1,151.0,1092.7,2129767.4,1070.1,11361.2,4083559.6,995.4,337747.3,458.3,1799.1
31-12-1999,290.3,289.6,29708.5,180.1,421.2,464.6,12631.0,2403.1,157.4,1088.5,2046262.5,1066.1,10906.1,4071772.1,992.9,328795.1,443.5,1787.2
31-01-2000,283.3,289.6,30325.8,174.8,410.5,465.7,12360.0,2345.1,158.4,1062.5,2102084.6,1040.6,10613.8,3980928.9,970.3,318287.3,444.2,1787.8
29-02-2000,293.7,305.0,32258.9,186.0,426.1,489.9,12806.5,2431.0,168.8,1101.3,2180350.5,1078.5,11192.5,4127836.7,1006.3,332148.9,478.1,1863.1
31-03-2000,276.8,289.2,28384.9,173.5,401.8,460.2,12067.7,2291.1,163.0,1038.0,2094997.5,1016.5,10463.9,3891381.8,949.6,305877.9,455.9,1811.3
28-04-2000,275.1,301.8,29726.0,175.8,407.5,473.2,12008.0,2277.4,168.0,1031.6,2179769.7,1010.3,10475.3,3869400.7,945.2,305236.5,471.4,1864.7
31-05-2000,272.3,293.6,29314.5,182.1,407.8,461.5,12135.8,2253.5,167.9,1021.1,2338627.5,1000.0,10673.6,3834369.0,938.5,307506.4,477.2,1896.2
30-06-2000,288.2,300.6,30487.7,190.3,427.0,468.6,12872.4,2385.4,178.5,1080.7,2522032.0,1058.4,11302.7,4058015.1,1000.5,321294.3,479.9,1953.7
31-07-2000,276.8,298.7,30326.3,184.8,411.2,461.9,12459.3,2291.3,175.9,1038.0,2463075.0,1016.5,11435.3,3899961.0,965.6,309060.6,478.0,1926.7
31-08-2000,277.0,311.6,29539.3,190.4,408.5,482.7,12678.3,2293.2,181.4,1038.9,2303255.0,1017.4,11322.4,3911240.0,973.7,307123.8,479.4,1931.4
29-09-2000,273.7,310.1,29570.6,185.1,411.7,473.0,12597.5,2265.8,182.1,1026.4,2401277.9,1005.1,11546.7,3889659.7,975.0,305160.7,505.3,1976.0
31-10-2000,264.5,312.1,28880.8,182.2,404.0,475.6,12387.9,2189.4,180.6,992.1,2475720.0,971.5,11634.0,3802716.5,988.6,300868.8,510.4,1999.3
30-11-2000,269.1,309.1,29809.5,189.8,413.6,467.1,12608.7,2227.5,183.8,1009.4,2565867.1,988.4,11792.0,3901409.7,1017.6,327090.9,511.8,2083.5
29-12-2000,274.5,292.3,31342.2,183.7,412.2,444.8,12811.3,2271.7,184.0,1029.3,2655303.3,1008.1,11905.6,3983366.6,1067.6,347179.2,493.9,2077.6
31-01-2001,264.5,284.4,30757.4,181.0,397.2,434.8,12271.5,2189.6,179.1,992.0,2499525.0,971.5,11239.9,3847152.5,1019.0,332476.5,481.6,2055.7
28-02-2001,266.7,290.0,31282.6,184.9,408.3,446.7,12416.2,2207.8,257.4,1000.2,2627661.3,979.6,11484.1,3884218.1,1035.5,334468.4,508.8,2060.5
30-03-2001,257.7,291.5,32295.0,181.3,405.8,444.8,12015.3,2133.2,271.2,966.4,2684589.2,946.5,11595.2,3747988.1,993.4,342998.6,527.8,2064.2
30-04-2001,263.2,296.8,32508.2,183.9,404.3,456.5,12323.3,2178.2,298.9,986.9,3052538.9,966.6,12001.0,3833041.5,1023.2,346568.4,515.2,2109.2
31-05-2001,267.5,315.6,31784.4,188.3,413.6,479.9,12575.2,2214.1,313.0,1003.2,2975937.5,982.5,12140.5,3921817.5,1039.9,342667.5,527.7,2146.7
29-06-2001,270.6,319.6,33749.2,192.4,410.7,486.4,12729.0,2239.7,339.6,1014.9,3082132.3,993.9,12252.8,4017190.1,1054.8,351915.1,532.6,2181.4
31-07-2001,265.9,303.9,33206.9,186.6,406.4,459.3,12531.9,2200.9,353.6,997.2,2526049.1,976.7,12151.6,3973741.1,1049.9,345138.1,524.2,2198.4
31-08-2001,273.0,300.5,32488.4,188.2,423.2,455.7,12869.2,2259.6,374.2,1023.9,2419462.5,1002.7,12035.2,4093362.0,1163.6,348757.5,519.0,2301.1
28-09-2001,293.1,321.8,34917.0,199.4,463.0,473.8,14024.8,2425.9,448.6,1099.4,2845266.8,1076.5,13037.1,4397377.1,1249.3,383814.3,593.9,2640.2
31-10-2001,278.8,309.5,34120.4,191.7,442.3,455.2,13377.2,2307.2,443.5,1045.3,2919906.3,1023.9,12462.9,4190170.0,1188.3,360981.3,552.4,2627.9
30-11-2001,275.5,307.7,33919.6,193.2,433.0,453.7,13204.7,2280.4,407.5,1033.2,2883107.5,1011.9,12091.7,4150958.5,1174.6,350697.7,529.7,2832.1
31-12-2001,276.5,310.5,36238.1,190.0,441.4,459.1,13332.8,2288.5,402.3,1037.0,2875600.0,1015.6,12229.6,4170449.5,1265.0,363182.8,540.1,3316.6
31-01-2002,282.3,327.9,37764.7,199.8,448.9,483.3,13694.4,2336.5,369.4,1058.7,2911922.5,1036.9,12433.9,4268655.4,1307.8,371054.8,557.1,3223.6
28-02-2002,296.9,343.2,39725.9,209.9,476.3,506.0,14465.5,2456.9,414.1,1113.3,3013026.0,1090.4,12972.3,4494603.6,1375.2,392999.5,575.1,3392.6
29-03-2002,301.4,345.5,39946.0,211.7,480.9,506.9,14702.3,2494.8,403.3,1130.3,2961254.0,1107.0,13116.9,4578264.5,1396.2,399942.6,564.7,3425.4
30-04-2002,308.2,342.0,39572.9,211.5,483.8,499.3,15080.2,2551.1,413.1,1155.8,2875505.5,1132.1,13331.2,4690957.4,1431.0,398826.1,573.9,3277.3
31-05-2002,326.6,349.6,40532.7,223.2,499.0,511.7,16006.7,2703.1,471.1,1224.8,2840602.2,1199.6,13828.2,4980484.5,1502.4,400476.7,576.9,3190.3
28-06-2002,318.5,322.5,38175.4,209.0,484.4,474.0,15561.9,2636.3,505.0,1194.5,2775090.5,1169.9,13227.3,4864291.3,1479.0,383155.5,567.3,3283.7
31-07-2002,304.7,310.7,36484.9,195.0,482.7,451.5,14818.2,2521.5,515.9,1142.5,2761499.0,1118.9,12801.4,4667236.5,1415.2,361951.5,559.7,3118.4
30-08-2002,312.8,319.0,37087.1,202.2,488.0,469.4,15161.4,2589.0,510.5,1173.1,2769842.3,1148.9,13197.0,4795221.0,1449.1,375969.7,567.8,3288.0
30-09-2002,323.7,327.5,39407.2,205.8,513.5,476.9,15650.9,2679.4,537.8,1214.0,2911357.4,1189.0,14003.3,4966852.1,1503.7,397422.6,595.7,3411.8
31-10-2002,316.9,320.0,38823.4,202.6,496.1,467.8,15318.9,2623.0,531.4,1188.5,2924986.1,1164.0,13713.8,4868057.9,1468.0,386142.5,571.0,3174.4
29-11-2002,319.1,320.7,39088.4,205.0,499.8,473.3,15413.3,2640.8,491.0,1196.5,2864269.6,1171.9,13877.1,4908102.7,1478.0,385651.5,568.3,2956.6
31-12-2002,347.2,330.9,41202.2,215.7,548.5,480.1,16648.2,2873.8,576.4,1302.1,3107439.6,1275.2,14964.3,5347226.5,1607.5,411796.4,616.6,2979.2
31-01-2003,367.5,342.3,44078.0,223.6,562.9,502.6,17567.8,3041.8,606.6,1378.2,3259725.0,1349.8,15718.0,5670892.5,1962.5,427770.0,626.9,3136.1
28-02-2003,347.5,322.4,41077.3,220.6,517.6,471.1,16561.2,2876.0,554.7,1303.0,3086571.6,1276.2,14865.6,5360979.0,1937.0,414733.6,572.5,2802.2
31-03-2003,334.9,306.9,39706.5,211.8,492.6,452.5,15892.0,2771.7,574.4,1255.7,2980666.0,1229.9,14360.0,5174602.2,1929.6,420052.4,554.1,2635.6
30-04-2003,336.8,301.8,40160.8,210.7,483.1,456.7,15943.4,2787.3,527.4,1262.9,2920801.1,1236.9,14436.5,5207502.0,1998.6,409151.3,538.3,2450.3
30-05-2003,361.4,307.3,43225.2,220.6,496.3,470.7,16993.0,2991.2,516.6,1355.4,3003233.2,1327.4,15084.8,5592121.4,2159.4,435848.3,554.6,2908.4
30-06-2003,346.0,301.3,41546.0,209.7,470.1,468.7,16078.6,2864.0,490.5,1297.6,2854500.0,1270.9,14545.8,5361962.0,2095.3,413297.0,515.9,2598.5
31-07-2003,354.8,315.2,42763.3,220.7,499.6,487.1,16368.9,2936.4,506.4,1330.4,3018922.5,1303.0,14892.4,5503591.5,2183.5,418782.4,547.4,2629.8
29-08-2003,375.6,342.1,43825.0,237.5,521.0,526.1,17217.5,3108.9,526.5,1408.6,3186964.8,1379.5,15433.4,5829309.7,2309.9,442550.5,580.3,2753.2
30-09-2003,388.0,333.2,43345.4,233.5,523.6,512.4,17754.9,3211.5,540.3,1455.1,3257260.0,1425.1,15492.8,6034952.0,2382.3,446258.2,573.2,2702.4
31-10-2003,386.3,332.3,42462.4,227.6,509.1,515.8,17504.9,3196.8,572.8,1448.5,3281773.1,1418.6,15409.4,6041722.5,2363.9,457126.9,544.4,2663.2
28-11-2003,398.4,332.3,43627.3,231.6,517.8,515.0,18232.5,3297.1,582.4,1493.9,3387965.5,1463.1,15904.1,6224614.8,2454.9,478836.4,550.5,2545.0
31-12-2003,416.3,330.0,44609.5,232.5,537.9,514.8,18991.4,3445.2,584.8,1561.1,3505865.6,1528.9,16492.9,6510982.5,2566.2,495961.9,552.5,2778.5
30-01-2004,399.8,321.8,42313.5,219.6,531.8,503.8,18106.7,3308.7,535.3,1499.1,3381285.4,1468.3,15686.2,6274076.3,2464.5,469106.6,525.3,2826.7
27-02-2004,395.9,318.6,43250.6,213.3,531.1,502.8,17906.3,3276.4,525.7,1484.4,3346910.5,1454.0,15552.9,6236218.6,2450.1,465519.4,513.1,2633.0
31-03-2004,423.7,344.8,44079.6,230.5,556.9,536.8,18397.1,3507.0,556.7,1588.8,3628354.5,1556.3,16647.2,6660986.9,2622.7,485750.8,555.0,2670.4
30-04-2004,388.5,324.1,42872.9,219.1,534.3,503.7,17276.6,3215.7,551.1,1457.0,3411807.0,1427.0,15543.9,6106248.8,2407.8,455846.4,537.9,2702.5
31-05-2004,393.3,322.0,43464.0,214.5,536.6,493.3,17849.6,3254.9,590.5,1474.8,3647393.8,1444.5,15954.2,6191328.0,2434.0,458116.6,551.1,2562.0
30-06-2004,395.8,325.3,43187.7,218.3,530.7,495.7,18196.9,3275.8,587.4,1484.4,3721507.7,1453.8,16182.3,6222566.6,2450.0,457346.7,568.2,2458.8
30-07-2004,391.4,325.1,43623.5,215.2,520.2,500.7,18151.2,3239.6,574.1,1467.8,3575438.1,1437.6,16172.6,6163765.7,2431.2,457742.2,558.9,2453.1
31-08-2004,407.3,335.1,44693.7,226.4,536.6,516.4,18874.0,3370.6,612.3,1527.3,3817968.8,1495.8,16962.0,6418260.0,2538.2,469090.9,576.7,2710.8
30-09-2004,415.7,334.7,45810.9,229.7,526.0,519.0,19119.9,3440.1,625.8,1558.8,3807353.1,1526.7,17218.3,6548564.2,2591.6,478620.9,573.8,2691.3
29-10-2004,425.6,334.5,45189.1,232.3,519.1,511.3,19305.1,3522.1,627.5,1595.9,3872503.2,1563.0,17475.2,6700281.7,2651.2,476403.0,569.7,2620.3
30-11-2004,453.4,341.2,46607.2,237.2,539.1,515.9,20171.8,3752.6,649.5,1700.4,4080599.1,1665.2,17868.5,7151023.3,2822.4,475389.8,584.4,2628.5
31-12-2004,435.6,320.5,44635.9,226.9,521.9,495.3,18935.5,3605.2,587.4,1633.8,4043455.6,1599.9,16923.1,6870716.5,2644.1,450933.0,555.7,2454.1
31-01-2005,422.2,323.9,43673.5,223.8,523.8,501.7,18429.0,3493.9,563.8,1583.2,3869426.0,1550.4,16278.1,6664480.5,2463.2,432914.7,544.7,2515.2
28-02-2005,435.5,328.1,45410.9,226.1,535.3,504.3,18985.6,3604.0,556.7,1633.0,4031177.9,1599.5,16664.7,6881415.6,2526.2,438280.4,548.5,2523.5
31-03-2005,427.5,328.9,45725.4,226.2,517.2,509.5,18666.8,3538.2,577.3,1603.3,4048425.0,1570.2,16721.7,6762622.5,2479.5,434126.3,552.7,2660.7
29-04-2005,435.7,337.5,45711.5,228.1,546.8,518.7,18966.0,3606.0,605.0,1634.0,4165291.5,1600.3,17192.7,6896258.8,2528.2,434436.4,558.0,2649.9
31-05-2005,414.5,335.7,44667.3,227.4,519.8,516.0,18130.1,3430.3,562.2,1554.3,3940382.9,1522.2,16835.0,6571104.0,2401.7,417972.8,546.9,2796.9
30-06-2005,437.1,361.1,48435.0,243.9,535.4,560.0,19005.1,3617.6,583.8,1639.2,4266094.6,1605.4,18061.0,6928469.8,2531.9,451742.7,573.4,2917.1
29-07-2005,429.0,353.2,48088.8,243.7,525.9,551.3,18635.8,3477.3,568.6,1608.9,4206345.0,1575.7,17859.3,6811662.0,2477.5,440454.3,564.4,2818.0
31-08-2005,433.3,352.3,48149.2,240.9,514.7,545.2,19102.0,3509.2,581.6,1624.9,4462475.0,1591.2,17895.4,6878277.0,2501.0,450796.6,576.8,2792.9
30-09-2005,473.3,392.5,53638.2,267.5,549.3,610.1,20806.4,3829.5,636.9,1775.7,4869742.5,1737.8,19434.0,7521125.6,2725.9,492889.9,619.7,3008.8
31-10-2005,470.8,393.0,54797.7,265.9,555.3,607.8,21233.2,3805.8,636.5,1765.5,4761636.3,1729.1,19204.3,7483042.0,2709.9,489674.1,630.1,3154.4
30-11-2005,495.7,420.4,59307.0,286.4,579.2,651.6,22750.3,4005.1,671.5,1858.9,4971368.5,1820.5,20443.1,7884798.7,2856.6,512254.2,669.7,3200.3
30-12-2005,513.0,434.9,60549.4,298.8,599.3,676.1,23090.1,4140.0,693.3,1923.9,5047920.0,1884.3,21033.0,8163882.0,2944.0,518566.0,699.3,3253.7
31-01-2006,568.8,468.4,66580.7,320.0,650.3,728.6,25096.1,4585.0,752.5,2133.1,5338571.9,2089.0,22138.6,9053362.5,3259.9,548644.6,751.9,3461.7
28-02-2006,556.0,466.4,64398.7,317.5,632.7,729.3,24669.7,4470.4,730.9,2085.2,5105470.0,2042.2,21771.8,8845960.0,3188.0,539876.0,748.5,3430.1
31-03-2006,582.0,480.9,68670.2,335.5,679.0,760.6,25936.8,4666.0,783.1,2182.7,5288634.0,2137.5,22636.9,9268350.0,3345.0,565500.2,816.2,3587.7
28-04-2006,644.0,511.3,73544.8,354.3,721.6,801.0,28925.3,5161.0,850.7,2415.3,5662370.0,2365.5,24195.1,10266970.0,3705.6,607420.8,848.8,3899.7
31-05-2006,653.0,508.4,73207.8,349.0,718.9,793.4,30233.9,5235.4,1026.5,2449.1,6043515.0,2398.3,24944.6,10420247.5,3763.7,617542.1,866.5,4373.5
30-06-2006,613.5,479.8,70132.2,331.7,682.3,751.5,28245.5,4904.5,974.5,2300.6,5682850.5,2253.3,23408.1,9813546.0,3530.7,582027.4,825.8,4375.3
31-07-2006,632.5,495.6,72380.1,338.8,714.9,778.8,29449.2,5040.4,946.2,2372.1,5736775.0,2323.1,23933.8,10123795.0,3632.9,604480.2,825.4,4385.3
31-08-2006,623.5,487.1,73127.2,327.8,691.9,768.7,29014.6,4958.5,913.7,2338.4,5671979.5,2290.0,23437.4,9984729.0,3579.2,599495.3,816.5,4495.4
29-09-2006,599.3,473.1,70750.4,320.8,668.6,751.4,27520.6,4736.5,906.4,2247.4,5528081.3,2201.0,22522.8,9620659.1,3439.5,567190.1,803.0,4655.1
31-10-2006,603.8,473.0,70732.3,316.6,676.5,751.0,27186.9,4757.0,880.9,2264.2,5501671.9,2217.6,22169.7,9705281.3,3462.5,568853.2,780.2,4457.0
30-11-2006,646.7,487.9,74794.1,328.8,738.5,774.8,28928.2,5065.9,939.7,2425.4,5927005.1,2375.2,23206.8,10392468.2,3698.8,601010.5,819.2,4640.9
29-12-2006,632.0,479.3,75306.0,322.9,735.5,771.5,27972.3,4932.8,895.2,2370.2,5683892.0,2321.2,22846.8,10147392.0,3609.5,587760.0,801.8,4456.1
31-01-2007,650.5,500.6,78684.5,332.3,767.9,811.7,28727.4,5056.9,918.2,2439.8,5919550.0,2389.2,22598.4,10434020.0,3705.9,612445.8,839.8,4718.6
28-02-2007,664.2,502.8,78697.7,338.9,778.8,811.1,29407.5,5141.2,939.5,2490.9,6065141.9,2438.8,22549.6,10623214.0,3782.6,625477.1,843.0,4830.9
30-03-2007,661.8,497.1,78136.1,337.4,763.4,807.9,28763.0,5115.5,918.2,2481.7,6038468.8,2429.9,23167.9,10601235.0,3769.5,622442.0,819.2,4799.3
30-04-2007,677.0,496.1,80904.9,338.5,748.2,816.9,27885.6,5215.5,924.3,2539.2,6149191.0,2486.6,23542.7,10863142.0,3848.7,629948.5,813.4,4764.0
31-05-2007,659.1,489.8,80288.2,333.2,704.6,807.7,26762.8,5039.9,869.9,2471.9,5817874.4,2420.5,22827.9,10608212.1,3751.4,611974.2,796.4,4690.2
29-06-2007,650.5,481.7,80333.5,324.2,692.0,797.3,26493.2,4952.4,849.6,2439.8,5877267.5,2389.2,22458.5,10495817.5,3703.0,600996.9,766.7,4587.3
31-07-2007,665.5,486.2,79237.8,327.5,710.6,800.9,26874.6,5039.4,850.2,2495.9,6139237.5,2444.2,22477.3,10741170.0,3764.2,611794.0,776.7,4727.1
31-08-2007,672.0,492.9,77894.9,333.2,710.9,812.0,27468.0,5070.2,876.0,2520.5,6310080.0,2468.3,23056.3,10913280.0,3799.8,630504.0,826.0,4819.9
28-09-2007,743.0,522.5,85456.1,364.7,738.3,868.0,29606.7,5577.0,900.0,2779.9,6794735.0,2727.7,25466.3,11951898.0,4151.5,679956.4,839.6,5124.3
31-10-2007,789.5,545.7,91017.5,380.1,749.9,915.1,31045.9,5892.0,924.7,2953.7,7182081.5,2899.0,26831.2,12695949.5,4356.1,711102.6,851.9,5162.9
30-11-2007,783.5,533.8,86909.7,381.1,783.2,884.6,31046.2,5797.9,923.4,2910.7,7341395.0,2864.2,26519.5,12573216.3,4336.7,721721.0,885.9,5326.0
31-12-2007,833.8,570.3,93142.4,418.8,822.9,943.9,32862.3,6089.8,977.4,3127.0,7830996.9,3062.0,28084.9,13353756.9,4599.2,780431.5,949.6,5698.1
31-01-2008,923.3,623.6,98164.6,464.4,930.8,1001.3,36353.0,6630.6,1083.8,3461.5,8536831.1,3389.3,30481.1,14744764.1,5126.4,871455.6,1034.6,6923.2
29-02-2008,971.5,639.9,101138.0,488.4,951.5,1014.1,38874.6,6908.8,1173.8,3637.8,8806647.5,3567.9,30578.0,15476480.8,5329.9,912286.9,1038.6,7544.8
31-03-2008,933.5,589.1,92915.9,469.7,957.8,923.3,37452.0,6545.7,1247.2,3501.8,8592867.5,3428.4,29391.2,15038685.0,5085.9,924491.6,1022.6,7586.1
30-04-2008,871.0,559.5,91028.2,439.8,877.2,907.2,35288.6,6086.1,1112.4,3266.7,8032362.0,3199.1,27619.4,14042262.0,4681.6,873308.1,924.3,6574.3
30-05-2008,885.8,570.0,93504.2,448.2,880.2,925.4,37604.5,6148.9,1080.1,3322.1,8250761.3,3253.2,28782.4,14389894.5,4736.6,912366.6,929.0,6765.1
30-06-2008,930.3,590.4,98611.1,467.4,943.8,947.6,40024.0,6376.2,1137.4,3488.2,8576905.0,3416.9,31102.9,15667270.5,4956.1,973087.8,969.4,7282.1
31-07-2008,918.0,588.4,99222.0,463.4,941.5,962.1,39083.9,6271.6,1059.6,3442.7,8349210.0,3371.8,30743.8,15390270.0,4873.0,929061.7,976.0,6704.8
29-08-2008,833.0,565.8,90401.3,456.7,882.9,914.9,36597.9,5693.6,985.0,3124.0,7621950.0,3059.7,28521.9,13765325.0,4477.4,907053.6,967.3,6401.8
30-09-2008,884.5,629.7,93902.9,496.2,940.4,991.7,41540.5,6057.5,1124.2,3326.6,8340835.0,3249.0,29931.5,14682700.0,4831.6,1067547.2,1121.3,7324.2
31-10-2008,730.8,576.3,71869.3,452.3,888.5,853.6,36135.6,4998.0,1119.3,2741.2,7965175.0,2684.3,25631.1,12294868.8,4073.9,943361.7,1107.6,7197.9
28-11-2008,814.5,641.9,77577.1,530.8,1011.0,989.3,40794.2,5567.0,1277.8,3055.7,9794362.5,2991.7,28927.0,13823694.0,4496.0,1196500.5,1250.8,8198.0
31-12-2008,869.8,625.7,78842.8,604.9,1073.7,925.7,42374.2,5934.3,1342.5,3264.3,9480275.0,3194.6,30249.9,15205839.3,4793.4,1095493.4,1247.5,8040.8
30-01-2009,919.5,717.5,82580.3,637.8,1140.0,1067.3,44945.2,6287.5,1512.2,3450.5,10463910.0,3377.1,32159.5,16076078.3,5118.4,1268542.1,1446.0,9381.2
27-02-2009,952.0,749.6,93148.4,667.9,1207.9,1109.1,48685.3,6511.5,1619.8,3570.4,11404960.0,3496.7,34443.4,16640008.0,5299.8,1459892.0,1490.2,9562.4
31-03-2009,916.5,690.3,90522.7,639.4,1153.1,1042.1,46498.6,6263.0,1533.4,3437.2,10590157.5,3366.4,32503.7,16310950.5,5163.6,1267748.6,1319.1,8715.9
30-04-2009,883.3,666.6,86898.6,596.1,1049.4,1006.0,44193.4,6026.4,1407.2,3312.3,9349201.3,3244.2,31139.0,15706834.8,4976.2,1133209.8,1202.2,7486.7
29-05-2009,975.5,689.2,93116.3,604.9,1069.0,1040.3,45960.7,6660.8,1506.7,3658.3,10037895.0,3582.8,33498.7,17339512.5,5484.3,1224349.9,1218.7,7840.6
30-06-2009,934.5,666.2,90165.2,567.5,1085.3,1016.3,44767.2,6383.3,1435.6,3504.6,9538908.8,3432.3,31838.4,16608868.5,5227.6,1190506.2,1155.9,7216.7
31-07-2009,939.0,662.3,89388.1,566.4,1015.2,1010.6,45025.1,6415.3,1388.8,3521.3,9319575.0,3449.0,31954.2,16726876.5,5209.6,1153279.8,1129.5,7360.7
31-08-2009,955.5,665.8,88637.0,586.3,1049.4,1009.8,46652.3,6526.6,1433.7,3583.4,9631440.0,3509.5,32496.6,17026054.5,5281.1,1193323.9,1133.4,7442.3
30-09-2009,995.8,681.2,89154.5,622.6,1068.7,1033.2,47900.6,6797.3,1480.0,3734.3,9623923.8,3657.3,33268.0,17764677.9,5478.6,1173242.4,1128.3,7545.3
30-10-2009,1040.0,704.9,94140.8,630.9,1120.3,1065.2,48843.6,7100.6,1558.9,3900.1,9932000.0,3819.8,34762.0,18571280.0,5691.9,1229540.0,1151.0,8140.1
30-11-2009,1175.8,783.1,101285.0,716.4,1239.5,1180.8,54690.0,8027.0,1798.2,4409.1,11116716.3,4319.2,39087.8,21733738.8,6439.6,1367161.9,1284.5,8738.5
31-12-2009,1087.5,758.0,101240.8,673.4,1140.1,1124.2,50606.8,7424.4,1630.1,4078.9,10217062.5,3994.6,36257.3,20090475.0,5964.7,1266366.4,1209.2,8008.1
29-01-2010,1078.5,775.9,97771.4,673.1,1149.1,1136.9,49794.3,7362.7,1606.7,4044.5,10083975.0,3961.4,35800.8,19924209.0,5894.0,1252947.4,1213.4,8137.3
26-02-2010,1108.3,812.1,98484.6,728.0,1171.4,1188.9,51095.9,7564.9,1708.2,4156.0,10345513.8,4070.6,36644.3,21139868.8,6084.3,1285459.1,1237.6,8494.2
31-03-2010,1115.5,824.4,104232.3,735.4,1131.7,1174.1,50080.4,7614.3,1698.0,4183.3,10150492.3,4097.2,36069.7,21294895.0,6141.9,1262132.4,1215.3,8192.2
30-04-2010,1179.3,886.9,110861.3,770.4,1194.4,1271.2,52311.5,8048.6,1751.1,4422.8,10629759.5,4331.4,38154.6,22379216.9,6555.5,1307021.6,1266.9,8677.1
31-05-2010,1207.5,984.1,109924.8,831.1,1267.1,1395.1,55985.7,8244.7,1899.2,4528.4,11078812.5,4435.3,39255.8,22924387.5,6835.1,1451433.0,1439.6,9285.6
30-06-2010,1244.0,1015.6,110081.6,831.5,1321.9,1341.5,57777.6,8436.1,1969.6,4665.6,11276860.0,4569.1,40293.2,23735520.0,7085.8,1520124.3,1472.8,9536.3
30-07-2010,1169.0,897.3,101305.5,746.4,1204.0,1223.1,54247.4,7920.0,1761.1,4383.9,10460796.5,4293.7,37729.5,22298675.0,6664.5,1383014.6,1291.4,8538.1
31-08-2010,1246.0,980.4,104626.6,810.7,1328.7,1263.4,58611.8,8482.0,1897.5,4672.7,11257610.0,4576.2,38993.6,24290770.0,7109.2,1493829.3,1399.9,9190.2
30-09-2010,1307.0,957.4,109186.8,829.4,1340.8,1276.9,58730.0,8745.4,1890.5,4901.6,11664975.0,4800.6,39667.4,25453825.0,7440.8,1490306.8,1349.9,9115.4
29-10-2010,1346.8,969.0,108480.7,842.4,1370.5,1324.5,59829.4,8983.9,1928.7,5050.5,12036578.1,4946.6,40375.6,26248157.5,7777.1,1515430.4,1374.0,9369.4
30-11-2010,1383.5,1062.8,115895.8,888.4,1421.0,1378.9,63481.9,9223.8,2085.5,5188.8,12498539.0,5081.6,41823.2,26976866.5,8010.5,1604029.8,1442.6,9812.1
31-12-2010,1405.5,1047.7,113993.1,897.7,1396.6,1310.1,62846.9,9261.8,2163.1,5271.0,12663555.0,5162.5,42368.8,27403736.3,8158.9,1595101.8,1371.2,9298.4
31-01-2011,1327.0,967.9,108721.1,828.5,1327.3,1246.9,60922.6,8762.2,2127.4,4977.1,12006696.0,4874.0,40997.7,25873182.5,7772.9,1487964.8,1331.0,9527.9
28-02-2011,1411.0,1021.6,115603.2,867.5,1375.1,1311.5,63868.9,9272.5,2257.9,5292.1,12447136.5,5182.7,43141.3,29458152.5,8312.2,1592525.0,1385.6,9791.0
31-03-2011,1439.0,1014.0,119264.3,897.7,1399.8,1316.5,64172.2,9423.3,2221.6,5396.5,12530092.5,5285.0,43522.6,30067905.0,8575.7,1578511.0,1391.5,9726.9
29-04-2011,1535.5,1035.0,124590.5,920.6,1457.0,1333.5,67892.1,9966.9,2332.7,5757.7,13150022.0,5639.9,45834.7,31700397.5,9131.6,1645518.4,1403.1,10114.6
31-05-2011,1536.5,1068.8,124825.3,933.5,1488.6,1310.5,69211.6,9955.1,2455.0,5762.0,13114795.8,5643.6,46555.9,31567392.5,9129.9,1658113.8,1442.0,10490.5
30-06-2011,1505.5,1038.4,121584.2,937.7,1453.0,1267.6,67299.6,9731.6,2444.9,5645.7,12910415.3,5529.7,46256.5,30990717.5,8985.6,1607346.9,1406.2,10205.8
29-07-2011,1628.5,1133.3,125703.9,992.1,1553.8,1283.6,71963.4,10482.0,2731.2,6107.2,13846321.3,5981.3,48570.0,33538957.5,9702.6,1716927.2,1482.5,10927.9
31-08-2011,1813.5,1259.6,138678.3,1113.8,1773.3,1462.5,83511.7,11566.9,3113.1,6800.8,15474595.5,6660.4,54350.6,37778832.0,10796.2,1934732.2,1693.4,12692.2
30-09-2011,1620.0,1207.4,124869.6,1039.9,1688.1,1471.5,79339.5,10345.2,3012.3,6075.7,14239800.0,5950.3,50357.7,33743790.0,9663.7,1908440.7,1666.8,13023.3
31-10-2011,1722.0,1234.6,134272.9,1066.9,1710.4,1499.5,83852.8,10943.1,3035.7,6458.2,15244005.0,6324.9,52951.5,36176637.0,10277.8,1908320.3,1623.1,13597.8
30-11-2011,1746.0,1297.0,135542.0,1110.1,1775.2,1589.1,91149.9,11137.6,3185.6,6548.2,15906060.0,6413.1,54422.8,36675603.0,10484.4,1995154.1,1699.6,14140.4
30-12-2011,1531.0,1179.4,117795.1,985.1,1558.9,1431.6,81303.8,9636.1,2891.5,5741.6,13882342.5,5623.4,48303.0,32202288.5,9233.1,1763712.0,1493.4,12360.4
31-01-2012,1744.0,1332.3,132980.0,1105.2,1749.0,1603.8,86232.1,11002.0,3089.8,6540.4,15678560.0,6405.7,53933.2,36655392.0,10513.7,1959122.2,1641.0,13601.7
29-02-2012,1770.0,1323.2,143263.8,1108.0,1743.4,1594.5,86747.7,11139.7,3090.3,6638.3,15965400.0,6501.2,53569.1,36877950.0,10674.4,1980143.0,1638.2,13186.9
30-03-2012,1662.5,1248.4,136815.4,1040.5,1661.6,1502.7,84696.1,10470.4,2964.1,6235.1,15201900.0,6106.4,51288.1,34663125.0,10041.5,1883695.3,1604.8,12758.9
30-04-2012,1651.3,1247.6,131844.0,1016.9,1631.4,1498.8,87020.9,10419.7,2904.5,6192.7,15175813.1,6065.0,50775.9,34453331.3,9982.2,1866118.9,1586.1,12797.4
31-05-2012,1558.0,1260.1,122170.6,1012.3,1613.8,1514.0,87493.4,9922.9,2903.6,5843.0,14645200.0,5722.5,49567.8,32515460.0,9410.3,1838829.5,1606.3,13338.5
29-06-2012,1598.5,1259.6,127544.3,1019.2,1629.6,1513.0,89252.2,10157.0,2891.2,5995.1,15013911.3,5871.3,50768.4,33416642.5,9684.5,1830841.7,1559.4,13073.3
31-07-2012,1622.0,1317.0,126678.2,1035.2,1625.7,1582.2,90207.5,10320.3,2905.2,6083.2,15352230.0,5957.6,51044.3,33851140.0,9853.2,1833873.8,1541.3,13324.9
31-08-2012,1648.5,1307.8,129077.5,1037.9,1626.8,1570.4,91697.8,10465.3,2997.1,6182.3,15718447.5,6054.9,51655.7,34354740.0,10060.4,1870429.3,1595.1,13894.4
28-09-2012,1776.0,1380.5,138172.8,1099.8,1747.5,1669.1,93675.1,11162.0,3189.0,6660.2,16996320.0,6523.3,54665.3,37091760.0,10827.8,1973890.5,1707.9,14654.0
31-10-2012,1719.0,1326.6,137399.7,1067.0,1718.1,1600.7,92473.6,10721.8,3084.7,6446.6,16510995.0,6313.9,52687.3,35841150.0,10507.4,1874741.2,1657.8,14953.9
30-11-2012,1726.0,1327.1,142343.2,1077.0,1714.5,1599.0,93885.8,10747.3,3082.6,6472.7,16558381.0,6339.6,52970.9,35987100.0,10547.6,1868998.9,1654.5,15330.2
31-12-2012,1657.5,1257.2,143315.7,1019.7,1650.4,1517.2,90814.4,10326.7,2958.1,6216.4,15974156.3,6088.1,50702.9,34542300.0,10548.9,1774478.0,1596.5,14062.9
31-01-2013,1664.8,1226.4,151925.1,1050.0,1662.8,1515.8,88548.0,10352.8,2928.5,6243.1,16214665.0,6114.6,49642.8,34693390.0,11179.1,1812787.6,1596.0,14871.5
28-02-2013,1588.5,1215.1,146555.0,1046.5,1633.1,1482.4,86422.3,9882.5,2857.2,5957.2,15350469.8,5834.6,47257.9,33287017.5,10707.1,1720067.4,1551.7,14253.1
29-03-2013,1598.3,1244.7,150267.5,1052.6,1623.7,1513.5,86864.9,9932.0,2892.0,5993.7,15530994.4,5870.4,46804.7,33471350.6,10873.0,1778212.7,1533.0,14663.1
30-04-2013,1469.0,1114.2,143095.3,943.9,1477.6,1364.6,79142.4,9056.4,2634.6,5509.1,14282352.5,5396.1,43115.1,30746170.0,10186.4,1617809.4,1415.2,13195.2
31-05-2013,1394.5,1076.0,140809.6,919.8,1441.3,1338.2,78768.3,8554.6,2616.4,5229.7,13659127.5,5121.9,42218.5,29302628.5,9738.8,1575366.6,1454.5,14028.3
28-06-2013,1192.0,917.0,118407.3,785.9,1257.5,1127.8,70834.6,7316.0,2299.9,4470.2,11830600.0,4378.2,36969.9,25276360.0,8367.1,1361323.4,1302.2,11833.2
31-07-2013,1314.5,990.0,129287.6,867.1,1351.4,1221.4,79928.2,8056.4,2553.4,4929.9,13509773.8,4828.2,41143.8,27834537.5,9201.4,1476741.9,1464.7,13025.7
30-08-2013,1394.8,1057.8,136845.9,901.6,1471.3,1300.5,92151.1,8535.2,2842.9,5231.1,15230670.0,5123.0,44897.0,29505936.3,9743.2,1548242.0,1566.0,14283.6
30-09-2013,1326.5,979.9,130162.8,819.1,1363.5,1199.5,83045.5,8120.8,2683.3,4974.7,15360870.0,4872.2,41492.9,28005731.3,9141.6,1425556.1,1418.6,13349.6
31-10-2013,1324.0,973.9,129897.6,824.1,1380.7,1199.0,81366.4,8069.1,2637.7,4965.5,14924790.0,4863.1,41209.5,27936400.0,9120.1,1404433.0,1398.2,13247.3
29-11-2013,1253.0,920.3,128263.3,764.9,1326.6,1132.3,78300.0,7634.8,2529.6,4699.2,14989012.5,4602.3,40233.8,26463360.0,8625.3,1326049.7,1371.1,12738.7
31-12-2013,1204.5,874.1,126599.0,727.3,1279.8,1071.2,74504.3,7291.9,2587.9,4517.4,14658765.0,4424.1,39579.9,25408927.5,8369.5,1271168.9,1346.3,12615.6
31-01-2014,1251.0,927.7,127583.2,761.2,1394.8,1133.0,78381.4,7581.1,2828.4,4691.7,15274710.0,4594.9,41295.5,26346060.0,8709.0,1339007.7,1433.8,13972.1
28-02-2014,1326.5,960.4,135389.2,791.5,1468.4,1168.4,82216.5,8151.3,2925.5,4974.8,15399338.5,4872.2,43277.1,27989150.0,9233.3,1416038.8,1482.4,14248.9
31-03-2014,1291.8,937.2,133030.9,774.8,1425.8,1141.1,77146.5,8032.1,2763.3,4844.5,14674280.0,4744.6,41904.4,27252695.6,9000.2,1375003.2,1393.7,13586.5
30-04-2014,1288.5,929.3,131620.3,763.1,1414.1,1134.5,77715.9,8065.1,2728.3,4832.5,14896992.8,4732.6,41695.8,27164801.3,9029.2,1331406.8,1390.6,13569.4
30-05-2014,1250.5,916.4,127232.1,745.5,1357.9,1117.9,73892.0,7812.3,2618.8,4690.1,14599587.5,4593.0,41053.9,26457453.8,8941.5,1275760.0,1343.6,13235.0
30-06-2014,1315.0,960.5,133216.1,769.1,1400.7,1166.1,79090.7,8159.6,2788.2,4931.9,15589325.0,4829.7,42678.3,28048950.0,9402.3,1330516.7,1393.2,13990.0
31-07-2014,1285.3,960.6,132168.7,761.3,1399.2,1168.7,77786.5,7936.0,2757.1,4820.3,14879981.9,4720.8,41269.4,27289070.6,9189.6,1321044.0,1382.4,13773.4
29-08-2014,1285.8,976.1,133570.1,774.2,1394.7,1177.6,78019.3,7898.6,2774.6,4822.1,15040060.6,4722.6,41066.8,27251471.3,9193.2,1303686.2,1374.7,13674.5
30-09-2014,1216.5,963.0,133444.0,750.4,1359.5,1162.4,75131.0,7468.7,2774.6,4563.7,14823052.5,4468.1,39445.0,25823253.8,8698.0,1283711.6,1390.2,13744.3
31-10-2014,1164.3,929.2,130518.2,727.7,1312.6,1120.5,71484.9,7117.6,2584.9,4368.0,14069961.3,4276.3,37919.6,24775240.0,8324.4,1244268.9,1324.5,12861.5
28-11-2014,1182.8,948.7,140374.7,755.2,1348.6,1139.6,73395.5,7268.0,2622.3,4438.9,14434281.0,4344.3,38835.6,25307893.1,8456.7,1310427.8,1385.8,13065.3
31-12-2014,1206.0,996.7,144593.4,773.5,1396.9,1198.3,76125.7,7482.0,2819.3,4525.5,14936310.0,4429.6,39677.4,25793325.0,8623.0,1325574.8,1473.7,13951.9
30-01-2015,1260.3,1116.8,148035.3,839.1,1597.9,1159.5,78053.6,7877.8,3073.9,4738.9,15964216.9,4629.0,41248.0,26861598.6,9565.4,1378209.2,1618.3,14658.0
27-02-2015,1214.0,1082.3,145127.6,785.6,1515.9,1150.9,75031.3,7611.3,3053.2,4552.8,15690950.0,4458.7,39248.6,25915865.0,9262.9,1332425.5,1550.9,14146.7
31-03-2015,1187.0,1105.2,142351.0,799.6,1503.3,1152.9,74283.9,7358.9,3082.0,4452.6,15520025.0,4359.7,38625.0,25585785.0,9056.9,1316917.1,1553.8,14382.0
30-04-2015,1180.3,1053.3,141240.5,768.0,1429.6,1105.8,74963.6,7320.9,3157.4,4426.1,15298990.6,4335.0,38906.9,25481597.5,9005.4,1265228.0,1496.4,14111.2
29-05-2015,1191.4,1086.7,147846.8,780.8,1487.2,1123.9,76090.2,7384.9,3171.5,4468.2,15755072.3,4376.1,40078.7,25990388.9,9090.4,1320368.9,1556.5,14496.7
30-06-2015,1171.0,1051.0,143289.4,744.6,1461.9,1094.4,74569.3,7261.4,3137.1,4391.3,15612357.5,4301.0,39551.1,25572883.5,8934.8,1306191.9,1523.6,14213.3
31-07-2015,1098.4,994.2,136086.2,703.9,1429.0,1055.7,70427.4,6820.7,3034.6,4119.3,14858604.7,4034.2,38713.1,23964889.1,8600.5,1285292.5,1495.7,13858.5
31-08-2015,1135.0,1012.9,137545.0,738.0,1510.1,1097.6,75449.1,7237.1,3304.0,4256.9,15946750.0,4168.9,40684.1,25516502.5,8887.1,1342421.3,1601.0,15054.9
30-09-2015,1114.0,998.0,133418.2,735.4,1493.5,1088.5,73123.0,7081.8,3372.9,4177.8,16320100.0,4091.6,40432.6,25039935.0,8722.7,1320424.0,1586.3,15403.3
30-10-2015,1142.4,1034.1,137853.1,739.7,1494.6,1126.1,74646.8,7216.8,3326.1,4284.4,15635913.6,4195.7,40630.5,25514955.2,9173.1,1302335.7,1601.2,15772.0
30-11-2015,1061.9,1005.4,130911.0,705.4,1414.1,1091.6,70780.9,6794.1,3086.4,3985.8,14691385.2,3900.4,38058.5,23892747.8,8314.7,1229733.0,1465.5,15312.6
31-12-2015,1060.0,975.8,127512.7,719.2,1472.5,1061.1,70125.6,6883.2,3094.0,3979.1,14612100.0,3893.4,38144.1,23834100.0,8299.9,1242902.8,1456.9,16425.2
29-01-2016,1111.8,1027.5,134600.0,783.8,1564.6,1139.2,75466.2,7314.3,3290.7,4170.9,15315042.3,4083.7,39727.4,24715309.7,8705.5,1332936.7,1571.8,17677.6
29-02-2016,1234.9,1136.5,139389.3,886.1,1672.8,1230.0,84498.0,8085.0,3648.9,4631.5,16513081.5,4535.9,43999.5,27538267.8,9669.3,1527200.7,1729.0,19492.8
31-03-2016,1237.0,1085.5,139032.6,860.6,1600.0,1184.6,81917.2,8000.4,3483.0,4639.6,16402620.0,4543.5,43517.7,27576441.0,10984.5,1414633.0,1608.1,18193.8
29-04-2016,1285.7,1122.5,137558.1,877.6,1610.4,1232.3,85277.1,8336.8,3592.5,4821.6,16955150.9,4722.1,44907.7,28657136.3,11416.5,1464869.4,1684.7,18231.5
31-05-2016,1212.1,1088.8,134427.9,832.8,1585.6,1205.1,81556.1,7981.7,3577.7,4545.6,16557284.0,4451.9,43302.3,27138915.7,10763.4,1444580.4,1673.1,19063.9
30-06-2016,1320.8,1188.9,135495.7,988.0,1715.3,1286.7,89144.0,8774.5,3798.0,4953.9,17450409.4,4851.3,46411.2,29458008.0,11728.2,1521305.7,1773.8,19342.4
29-07-2016,1342.0,1200.1,137534.9,1010.8,1750.0,1297.0,89893.9,8931.0,4012.8,5032.9,17578187.0,4929.3,46741.8,29925258.0,11916.9,1503241.2,1765.7,18604.2
31-08-2016,1309.3,1175.5,135422.3,999.7,1717.8,1286.4,87680.5,8743.6,3874.2,4910.2,17367201.3,4809.0,45320.3,29202821.3,11626.1,1459813.8,1742.1,19264.5
30-09-2016,1322.5,1176.8,133923.0,1018.1,1738.1,1282.0,88052.0,8821.1,3968.4,4961.7,17259947.5,4857.5,45824.6,29497701.3,11743.7,1456535.2,1728.2,18186.0
31-10-2016,1272.0,1160.4,133668.1,1041.9,1704.8,1257.9,84952.4,8612.5,3938.8,4770.6,16597056.0,4672.2,44516.8,28394856.0,11295.3,1455486.0,1671.6,17149.7
30-11-2016,1178.1,1110.6,134238.6,942.9,1584.1,1200.1,80639.7,8113.6,4039.5,4419.0,15966198.3,4327.0,42034.0,26695742.7,20940.7,1377257.4,1594.5,16524.3
30-12-2016,1145.9,1086.4,133652.0,927.4,1536.7,1164.6,77772.2,7963.4,4030.8,4299.2,15438136.4,4208.8,41035.2,26093286.7,20775.2,1384017.7,1582.5,15670.2
31-01-2017,1212.8,1122.2,136530.9,964.0,1581.2,1196.6,82282.4,8341.6,4578.7,4548.2,16193909.4,4454.5,42702.7,27400179.6,22982.6,1409394.5,1597.6,16348.5
28-02-2017,1255.6,1181.6,140482.8,1009.0,1663.0,1257.4,83772.1,8624.5,4554.8,4708.7,16744679.7,4611.2,43827.3,28582475.1,19838.5,1419769.5,1633.1,16423.3
31-03-2017,1244.9,1163.9,138713.6,995.5,1660.2,1246.0,80834.3,8579.3,4533.3,4668.5,16588246.7,4572.3,42776.1,28326558.4,22469.5,1392115.4,1631.8,16691.9
28-04-2017,1266.5,1163.0,141171.2,978.9,1731.6,1260.7,81470.7,8735.2,4500.7,4749.5,16880511.4,4651.7,43806.5,28803504.5,22859.4,1441093.3,1693.5,16949.9
31-05-2017,1266.2,1126.0,140022.7,980.8,1710.3,1225.1,81695.2,8636.8,4477.9,4748.8,16865783.4,4650.8,43126.8,28761731.9,22918.2,1417637.3,1700.9,16696.4
30-06-2017,1242.3,1089.2,139579.2,956.4,1613.3,1189.6,80295.9,8421.8,4375.9,4658.8,16556086.9,4562.7,42199.2,28237584.8,22509.6,1421320.2,1619.5,16276.6
31-07-2017,1267.6,1075.1,140057.9,961.5,1585.1,1223.0,81314.9,8529.2,4466.4,4753.4,16888833.6,4655.7,42179.6,28806970.6,22708.2,1418451.4,1587.7,16723.7
31-08-2017,1311.8,1103.3,144371.2,1018.0,1644.6,1260.6,83855.2,8653.5,4528.9,4919.3,17501368.5,4818.2,43556.6,29818045.1,23165.5,1479129.1,1653.9,17049.5
29-09-2017,1283.1,1085.4,144432.1,956.4,1604.7,1241.5,83812.1,8523.4,4562.8,4811.8,17282071.9,4712.4,42791.4,29160368.8,22646.7,1469598.2,1635.3,17325.1
31-10-2017,1270.2,1090.3,144327.1,956.5,1637.4,1266.1,82269.2,8417.8,4822.2,4763.4,17226408.1,4664.8,42194.4,28848279.7,22401.3,1423012.3,1656.5,17961.5
30-11-2017,1280.2,1073.7,143260.8,945.7,1649.3,1257.1,82547.3,8463.0,5000.5,4801.0,17315984.5,4702.2,41811.3,29085502.8,22637.1,1393177.6,1686.4,17465.1
29-12-2017,1291.0,1075.1,145431.1,954.4,1617.6,1258.1,82401.3,8407.0,4895.0,4841.6,17515642.5,4741.6,42073.7,29317319.0,22954.0,1382079.8,1650.6,15982.6
31-01-2018,1345.1,1079.7,146818.9,945.9,1650.2,1250.4,85550.2,8462.0,5045.8,5043.9,18008199.3,4940.5,42127.0,30545072.3,23753.6,1436311.2,1661.1,15970.8
28-02-2018,1317.9,1080.5,140621.2,956.5,1688.6,1245.4,85853.0,8344.6,5016.3,4942.3,18118458.7,4840.4,41367.3,29990309.1,23273.2,1427099.5,1691.2,15555.6
30-03-2018,1323.9,1076.4,140791.4,943.7,1706.8,1267.7,86343.7,8329.3,5244.3,4964.4,18226102.9,4862.5,41396.8,30196353.2,23339.5,1411091.4,1725.9,15686.0
30-04-2018,1313.2,1086.9,143696.9,953.4,1683.5,1299.9,87643.0,8332.1,5338.5,4924.8,18269894.3,4823.6,41444.6,29893027.1,23163.2,1402563.0,1739.7,16393.7
31-05-2018,1305.4,1118.3,141819.7,981.0,1693.3,1283.3,88088.3,8355.5,5923.0,4895.6,18137836.2,4794.7,41758.1,29769808.8,23359.2,1407101.8,1725.2,16532.3
29-06-2018,1250.5,1071.0,138506.1,947.1,1644.9,1241.6,85674.6,8284.6,5728.6,4689.6,17918947.8,4593.1,41427.4,28708455.2,22370.6,1393626.5,1692.4,17139.0
31-07-2018,1221.0,1043.5,136673.1,930.8,1589.7,1208.7,83740.4,8334.8,5993.6,4579.1,17606098.3,4484.7,40621.0,28427377.7,21836.7,1365815.5,1642.4,15992.9
31-08-2018,1202.5,1033.5,133333.7,925.1,1567.9,1162.9,85285.3,8212.3,7962.9,4509.8,17712087.8,4416.8,39356.2,28021893.7,21439.7,1338507.1,1662.7,17617.4
28-09-2018,1187.3,1022.2,134853.8,910.4,1534.6,1159.7,86063.7,8169.0,7132.2,4452.5,17691805.9,4360.8,38395.7,27695574.4,21275.5,1316957.1,1640.9,16801.1
31-10-2018,1215.0,1072.3,137113.2,950.9,1595.5,1222.1,89839.5,8473.2,6807.7,4557.5,18470276.6,4462.6,40275.6,28363614.1,21790.1,1384496.0,1714.2,17940.3
30-11-2018,1217.6,1075.3,138252.8,954.3,1618.3,1216.8,84857.1,8454.4,6391.3,4567.9,17414006.1,4472.2,40042.2,28390217.6,21806.3,1364812.4,1667.3,16882.9
31-12-2018,1279.0,1118.8,140325.5,1004.2,1746.9,1260.8,89293.4,8781.2,6804.2,4797.9,18392020.0,4698.0,41644.2,29666405.0,22919.7,1427108.0,1816.8,18398.4
31-01-2019,1323.3,1153.2,144009.3,1005.9,1737.8,1312.8,94109.5,8873.1,6849.0,4962.9,18489110.6,4860.3,41341.6,30698076.8,23408.3,1472314.0,1814.8,17559.5
28-02-2019,1319.2,1158.5,146847.8,991.8,1737.3,1314.1,93826.2,8820.1,7036.4,4947.3,18557141.3,4845.2,41569.7,30604277.7,23111.5,1483647.8,1854.2,18547.3
29-03-2019,1295.4,1153.7,143381.3,994.1,1730.6,1290.1,89738.8,8705.4,7318.5,4858.2,18446494.6,4758.1,41109.5,30058459.3,22449.3,1470408.2,1823.6,18681.3
30-04-2019,1282.3,1144.2,142816.1,983.6,1725.0,1306.7,89188.8,8638.6,7654.7,4809.0,18272772.2,4710.1,40937.4,29861556.7,22055.6,1497918.4,1821.8,18383.4
31-05-2019,1295.6,1162.6,140664.3,1027.9,1751.5,1303.1,90288.5,8943.2,7560.4,4858.8,18490734.6,4758.7,41000.9,30336594.2,21687.5,1542870.1,1869.9,18860.0
28-06-2019,1409.0,1237.3,151805.7,1107.1,1841.2,1373.8,97259.7,9677.4,8149.7,5284.1,19905647.5,5175.5,43210.5,32836745.0,23523.2,1626901.7,2007.8,19868.7
31-07-2019,1427.6,1282.2,154996.2,1165.9,1874.6,1413.3,98194.0,9829.4,7939.7,5354.1,20009965.6,5243.6,43904.3,33165550.8,23654.5,1688934.0,2071.2,20233.7
30-08-2019,1528.4,1387.9,162232.0,1255.0,2030.9,1512.3,109139.2,10920.9,8904.8,5732.6,21680352.6,5614.0,46727.0,35437480.1,25295.0,1851274.4,2268.5,23206.8
30-09-2019,1485.3,1362.4,160523.8,1205.3,1966.5,1481.1,105261.4,10602.7,8386.7,5571.7,21083830.7,5455.7,45427.9,34460440.8,24160.2,1776641.2,2202.2,22520.9
31-10-2019,1511.0,1354.3,163341.2,1167.7,1985.9,1490.9,107169.8,10630.1,8631.4,5666.5,21209204.5,5549.4,45623.1,35058571.7,24386.7,1757914.7,2193.1,22760.2
29-11-2019,1460.2,1324.3,159901.0,1128.8,1939.4,1459.2,104747.5,10259.7,8386.4,5475.6,20595414.4,5363.4,44122.1,33846274.7,23537.6,1724655.9,2158.7,21395.6
31-12-2019,1514.8,1349.4,164615.4,1143.4,1964.3,1466.8,108120.0,10551.3,9014.3,5682.3,21028516.9,5563.9,45372.4,35100544.4,24311.7,1751732.6,2154.9,21181.5
31-01-2020,1584.2,1429.5,171703.5,1201.8,2095.2,1527.9,113044.6,10978.5,9481.4,5943.9,21632250.3,5818.8,49379.5,36789875.5,25030.4,1888128.9,2366.4,23762.2
28-02-2020,1609.9,1465.6,173646.5,1260.4,2161.0,1558.3,116178.9,11252.9,10060.4,6039.4,23097324.3,5912.8,50798.8,37414526.1,25166.0,1955162.9,2496.9,25325.4
31-03-2020,1609.0,1466.4,173694.2,1297.6,2290.1,1556.7,121719.1,11412.4,10603.4,6044.8,26241973.7,5909.9,52801.7,37998571.0,25324.9,1958655.4,2628.8,28735.9
30-04-2020,1702.8,1554.6,182083.6,1349.9,2365.0,1643.4,127868.0,12008.0,11901.4,6393.8,25328406.3,6254.4,55092.5,39893729.8,26818.3,2074715.7,2600.8,31271.0
29-05-2020,1728.7,1554.1,186241.5,1398.3,2389.4,1660.8,130717.8,12352.6,11792.3,6495.6,25256306.3,6349.8,54989.9,40246727.9,27417.2,2140908.4,2604.3,30476.1
30-06-2020,1768.1,1574.2,190751.5,1431.0,2408.2,1675.4,133498.2,12507.7,12119.9,6632.1,25257309.9,6494.5,54647.6,41030530.9,28537.1,2126759.4,2568.1,30720.7
31-07-2020,1964.9,1661.7,207748.9,1497.1,2632.0,1787.5,146999.1,13714.0,13714.0,7369.2,28687538.6,7217.4,61270.5,45539502.6,31379.5,2340981.6,2739.9,33459.8
31-08-2020,1957.4,1636.7,207567.2,1461.9,2550.3,1762.5,144075.6,13417.2,14404.1,7340.9,28503910.8,7189.6,60917.6,45361588.5,31024.0,2325136.0,2646.7,33160.0
30-09-2020,1886.9,1609.1,199124.5,1459.6,2520.4,1733.6,139215.5,12850.9,14537.0,7077.6,28077070.6,6930.9,59791.1,43742113.5,29737.5,2206729.4,2632.6,31473.5
30-10-2020,1881.9,1615.5,196728.6,1455.4,2509.2,1724.8,139459.2,12608.8,15775.6,7057.5,27522057.7,6912.3,58652.6,43625989.9,29545.1,2135335.2,2679.7,30577.7
30-11-2020,1762.6,1473.5,183789.9,1320.2,2284.1,1595.6,130527.8,11601.5,13787.1,6610.6,24887206.7,6474.1,53317.1,40789814.5,27654.4,1950349.8,2392.0,27277.7
31-12-2020,1887.6,1542.7,194885.3,1380.9,2404.8,1668.5,137922.2,12344.5,14029.6,7081.5,26520781.4,6933.4,56552.5,43570529.3,29692.0,2050500.1,2446.2,27726.5
29-01-2021,1863.8,1534.1,195130.6,1357.3,2380.9,1658.0,135982.9,12041.6,13602.9,6990.7,26149114.7,6846.0,55783.5,42958727.3,29280.3,2084846.7,2429.2,28054.9
26-02-2021,1742.9,1435.9,185683.3,1246.6,2206.5,1577.8,128073.3,11258.8,12928.5,6536.6,24818185.4,6401.8,52520.8,40114309.3,27362.8,1958092.1,2251.2,26397.6
31-03-2021,1691.1,1438.8,186861.0,1225.7,2125.4,1591.5,123639.0,11084.8,13995.6,6342.1,24562502.0,6211.5,52845.3,39020979.9,26579.1,1913845.9,2220.3,24970.5
30-04-2021,1767.7,1468.4,193213.0,1276.7,2174.6,1612.2,130934.3,11439.4,14657.4,6628.9,25533702.8,6492.8,55040.2,40753168.5,27681.4,1966245.4,2288.4,25644.2
31-05-2021,1900.0,1554.0,207845.0,1336.6,2295.3,1708.7,137979.1,12084.8,16105.4,7125.4,27131285.3,6978.3,59344.9,43786246.6,29772.2,2110939.4,2454.6,26067.3
30-06-2021,1763.2,1486.8,195692.0,1276.3,2183.3,1629.8,131054.9,11392.5,15317.4,6612.5,25565673.6,6476.3,56509.0,40580658.2,27672.6,1985571.3,2348.5,25175.6
30-07-2021,1825.8,1539.7,200376.1,1313.2,2279.2,1654.7,135863.2,11787.6,15376.5,6847.3,26404909.4,6706.3,60007.8,41910091.3,28673.4,2100068.9,2483.8,26708.4
