SNo,Date,Price,Open,High,Low,Vol.,Change %
1,2018-01-16,1067.65,1123.99,1551.96,958.0,50.0,-5.01
2,2018-01-17,1082.0,1067.65,1138.5,791.33,20.0,1.34
3,2018-01-18,1374.15,1082.0,1500.0,1026.0,30.0,27.00
4,2018-01-19,1458.98,1374.15,1785.22,1330.75,30.0,6.17
5,2018-01-20,1707.09,1458.98,1731.09,1402.07,20.0,17.01
6,2018-01-21,1583.05,1707.09,1730.0,1496.7,30.0,-7.27
7,2018-01-22,1518.06,1583.05,1678.37,1430.0,20.0,-4.11
8,2018-01-23,1529.7,1518.06,1542.11,1424.1,10.0,0.77
9,2018-01-24,1555.62,1529.7,1555.62,1489.05,0.0,1.69
10,2018-01-25,1445.0,1555.62,1601.35,1428.76,10.0,-7.11
11,2018-01-26,1488.54,1445.0,1501.03,1417.91,10.0,3.01
12,2018-01-27,1400.01,1488.54,1488.54,1354.75,10.0,-5.95
13,2018-01-28,1533.62,1400.01,1599.93,1400.01,50.0,9.54
14,2018-01-29,1416.76,1533.62,1533.63,1416.76,0.0,-7.62
15,2018-01-30,1339.35,1416.76,1416.76,1286.85,10.0,-5.46
16,2018-01-31,1288.28,1339.35,1339.35,1230.21,0.0,-3.81
17,2018-02-01,1250.88,1288.28,1395.0,1250.88,10.0,-2.90
18,2018-02-02,1151.61,1250.88,1276.46,1074.27,90.0,-7.94
19,2018-02-03,1188.89,1151.61,1248.38,1070.35,0.0,3.24
20,2018-02-04,1047.74,1188.89,1193.77,1015.44,0.0,-11.87
21,2018-02-05,804.99,1047.74,1054.98,804.99,10.0,-23.17
22,2018-02-06,935.0,804.99,935.0,600.0,10.0,16.15
23,2018-02-07,924.31,935.0,1088.0,852.39,10.0,-1.14
24,2018-02-08,1034.34,924.31,1034.34,898.29,0.0,11.90
25,2018-02-09,1083.54,1034.34,1091.0,973.64,10.0,4.76
26,2018-02-10,0.0,1083.54,1105.53,0.0,0.0,-100.00
27,2018-02-11,1008.89,0.0,1044.21,0.0,0.0,0.00
28,2018-02-12,1049.53,1008.89,1049.53,992.85,0.0,4.03
29,2018-02-13,0.0,1049.53,1070.93,0.0,0.0,-100.00
30,2018-02-14,1090.63,0.0,1090.63,0.0,0.0,0.00
31,2018-02-15,1159.16,1090.63,1177.64,1090.63,0.0,6.28
32,2018-02-16,1147.46,1159.16,1159.16,1147.46,0.0,-1.01
33,2018-02-17,1129.37,1147.46,1194.67,1129.37,0.0,-1.58
34,2018-02-18,1090.27,1129.37,1138.77,1061.06,20.0,-3.46
35,2018-02-19,1120.01,1090.27,1142.24,1072.96,0.0,2.73
36,2018-02-20,1060.98,1120.01,1152.7,1060.98,0.0,-5.27
37,2018-02-21,997.02,1060.98,1063.3,950.7,10.0,-6.03
38,2018-02-22,929.73,997.02,1051.53,895.74,10.0,-6.75
39,2018-02-23,1005.27,929.73,1005.27,929.73,0.0,8.12
40,2018-02-24,941.2,1005.27,1019.0,941.19,0.0,-6.37
41,2018-02-25,989.41,941.2,989.41,941.2,0.0,5.12
42,2018-02-26,1025.91,989.41,1025.96,898.8,0.0,3.69
43,2018-02-27,1025.95,1025.91,1025.95,905.93,0.0,0.00
44,2018-02-28,1066.37,1025.95,1120.0,1022.67,10.0,3.94
45,2018-03-01,1026.84,1066.37,1066.37,1026.84,10.0,-3.71
46,2018-03-02,1045.55,1026.84,1045.55,1023.78,0.0,1.82
47,2018-03-03,1035.54,1045.55,1045.55,1003.08,0.0,-0.96
48,2018-03-04,921.04,1035.54,1035.54,921.04,0.0,-11.06
49,2018-03-05,1066.37,921.04,1066.37,921.04,0.0,15.78
50,2018-03-06,974.98,1066.37,1066.37,950.0,0.0,-8.57
51,2018-03-07,875.0,974.98,974.98,875.0,0.0,-10.25
52,2018-03-08,875.0,875.0,875.0,875.0,0.0,0.00
53,2018-03-09,822.87,875.0,875.0,695.67,0.0,-5.96
54,2018-03-10,818.81,822.87,854.68,818.81,0.0,-0.49
55,2018-03-11,821.46,818.81,821.46,794.8,0.0,0.32
56,2018-03-12,816.1,821.46,845.0,798.75,0.0,-0.65
57,2018-03-13,785.08,816.1,819.23,785.08,0.0,-3.80
58,2018-03-14,784.99,785.08,808.13,784.99,0.0,-0.01
59,2018-03-15,744.11,784.99,784.99,728.22,0.0,-5.21
60,2018-03-16,723.21,744.11,744.11,701.64,0.0,-2.81
61,2018-03-17,667.97,723.21,723.21,648.16,0.0,-7.64
62,2018-03-18,648.17,667.97,667.97,499.87,0.0,-2.96
63,2018-03-19,686.81,648.17,695.14,422.93,10.0,5.96
64,2018-03-20,690.0,686.81,690.0,571.37,0.0,0.46
65,2018-03-21,661.59,690.0,764.84,637.63,0.0,-4.12
66,2018-03-22,669.93,661.59,682.74,603.51,0.0,1.26
67,2018-03-23,679.52,669.93,680.2,645.16,0.0,1.43
68,2018-03-24,713.17,679.52,713.17,679.52,0.0,4.95
69,2018-03-25,1066.37,713.17,1066.37,713.17,0.0,49.53
70,2018-03-26,638.36,1066.37,1066.37,623.0,0.0,-40.14
71,2018-03-27,603.71,638.36,638.36,603.71,0.0,-5.43
72,2018-03-28,595.39,603.71,603.71,595.39,0.0,-1.38
73,2018-03-29,545.25,595.39,595.39,535.65,0.0,-8.42
74,2018-03-30,497.67,545.25,545.25,480.44,0.0,-8.73
75,2018-03-31,519.94,497.67,537.69,497.67,0.0,4.47
76,2018-04-01,487.24,519.94,519.94,487.24,0.0,-6.29
77,2018-04-02,500.05,487.24,502.11,484.47,0.0,2.63
78,2018-04-03,511.03,500.05,511.03,500.05,0.0,2.20
79,2018-04-04,509.28,511.03,521.27,509.28,0.0,-0.34
80,2018-04-05,485.0,509.28,509.28,479.28,0.0,-4.77
81,2018-04-06,500.45,485.0,1066.37,482.69,0.0,3.19
82,2018-04-07,517.3,500.45,517.3,500.45,0.0,3.37
83,2018-04-08,517.29,517.3,517.3,517.29,0.0,-0.00
84,2018-04-09,517.32,517.29,546.07,517.29,0.0,0.01
85,2018-04-10,543.73,517.32,560.55,517.32,10.0,5.11
86,2018-04-11,577.11,543.73,591.84,543.73,0.0,6.14
87,2018-04-12,642.39,577.11,642.39,577.11,0.0,11.31
88,2018-04-13,685.19,642.39,712.95,639.33,0.0,6.66
89,2018-04-14,712.0,685.19,745.0,685.19,0.0,3.91
90,2018-04-15,756.98,712.0,775.01,712.0,0.0,6.32
91,2018-04-16,745.77,756.98,762.81,726.53,10.0,-1.48
92,2018-04-17,772.23,745.77,772.23,745.77,10.0,3.55
93,2018-04-18,776.07,772.23,776.07,735.62,10.0,0.50
94,2018-04-19,830.01,776.07,852.46,776.07,0.0,6.95
95,2018-04-20,888.0,830.01,888.0,798.95,0.0,6.99
96,2018-04-21,885.89,888.0,906.7,828.14,0.0,-0.24
97,2018-04-22,920.0,885.89,938.55,885.89,0.0,3.85
98,2018-04-23,949.24,920.0,949.39,905.29,10.0,3.18
99,2018-04-24,1030.0,949.24,1030.0,949.24,10.0,8.51
100,2018-04-25,897.5,1030.0,1031.18,897.5,40.0,-12.86
101,2018-04-26,1020.66,897.5,1125.47,897.5,10.0,13.72
102,2018-04-27,1013.8,1020.66,1062.01,1013.8,0.0,-0.67
103,2018-04-28,1072.37,1013.8,1072.37,1013.8,0.0,5.78
104,2018-04-29,1081.56,1072.37,1107.87,1028.4,0.0,0.86
105,2018-04-30,1033.9,1081.56,1084.74,1033.9,0.0,-4.41
106,2018-05-01,1037.18,1033.9,1037.18,988.56,0.0,0.32
107,2018-05-02,1062.86,1037.18,1065.99,1037.18,0.0,2.48
108,2018-05-03,1125.0,1062.86,1125.0,1062.86,10.0,5.85
109,2018-05-04,1139.07,1125.0,1157.97,1125.0,0.0,1.25
110,2018-05-05,1138.99,1139.07,1217.31,1138.99,10.0,-0.01
111,2018-05-06,1039.88,1138.99,1138.99,1033.01,0.0,-8.70
112,2018-05-07,1014.0,1039.88,1051.15,973.27,10.0,-2.49
113,2018-05-08,1006.14,1054.49,1054.49,995.51,10.0,-0.78
114,2018-05-09,1025.04,1006.14,1041.05,978.95,10.0,1.88
115,2018-05-10,1085.0,1025.04,1127.85,1018.13,30.0,5.85
116,2018-05-11,968.13,1085.0,1085.0,968.13,10.0,-10.77
117,2018-05-12,915.09,968.13,968.13,882.92,10.0,-5.48
118,2018-05-13,986.24,915.09,986.24,915.09,0.0,7.78
119,2018-05-14,969.16,986.24,986.24,939.63,0.0,-1.73
120,2018-05-15,949.96,939.62,969.82,928.08,0.0,-1.98
121,2018-05-16,872.61,949.96,949.96,872.61,10.0,-8.14
122,2018-05-17,861.08,872.61,892.85,861.01,0.0,-1.32
123,2018-05-18,905.18,848.56,905.19,848.56,0.0,5.12
124,2018-05-19,897.9,905.18,910.15,875.91,0.0,-0.80
125,2018-05-20,944.81,897.9,944.81,882.25,0.0,5.22
126,2018-05-21,921.76,944.81,944.81,920.41,10.0,-2.44
127,2018-05-22,908.01,921.76,921.76,908.0,20.0,-1.49
128,2018-05-23,738.55,908.0,1157.41,732.64,20.0,-18.66
129,2018-05-24,792.88,738.55,794.62,738.55,10.0,7.36
130,2018-05-25,767.69,792.88,856.29,761.33,0.0,-3.18
131,2018-05-26,779.2,767.69,793.84,767.69,0.0,1.50
132,2018-05-27,747.58,752.5,781.75,747.58,10.0,-4.06
133,2018-05-28,729.36,747.58,747.58,729.36,10.0,-2.44
134,2018-05-29,739.14,729.36,752.05,726.35,10.0,1.34
135,2018-05-30,746.85,755.2,755.2,740.38,30.0,1.04
136,2018-05-31,771.91,746.85,771.91,746.85,0.0,3.36
137,2018-06-01,770.78,771.91,771.91,0.0,0.0,-0.15
138,2018-06-02,768.44,771.47,795.88,763.92,10.0,-0.30
139,2018-06-03,796.81,768.44,796.81,768.44,10.0,3.69
140,2018-06-04,786.3,787.4,787.4,784.88,0.0,-1.32
141,2018-06-05,790.26,790.42,790.42,789.47,0.0,0.50
142,2018-06-06,804.94,790.26,817.84,0.0,0.0,1.86
143,2018-06-07,812.91,804.94,812.91,804.94,0.0,0.99
144,2018-06-08,784.67,809.39,809.39,784.67,0.0,-3.47
145,2018-06-09,805.31,784.67,815.55,0.0,0.0,2.63
146,2018-06-10,666.88,792.13,792.13,666.88,0.0,-17.19
147,2018-06-11,683.34,666.88,708.79,666.88,0.0,2.47
148,2018-06-12,640.35,683.34,683.34,0.0,0.0,-6.29
149,2018-06-13,616.31,660.35,661.01,604.81,0.0,-3.75
150,2018-06-14,608.0,599.47,616.48,567.27,20.0,-1.35
151,2018-06-15,567.27,615.6,615.6,567.27,10.0,-6.70
152,2018-06-16,567.39,567.27,577.99,550.0,0.0,0.02
153,2018-06-17,546.17,548.62,548.62,546.17,0.0,-3.74
154,2018-06-18,525.0,526.13,526.13,525.0,0.0,-3.88
155,2018-06-19,554.31,525.0,570.79,525.0,0.0,5.58
156,2018-06-20,562.75,554.31,568.83,548.74,0.0,1.52
157,2018-06-21,560.5,562.75,569.87,560.5,0.0,-0.40
158,2018-06-22,525.0,560.5,560.5,525.0,0.0,-6.33
159,2018-06-23,521.85,537.09,537.1,521.85,0.0,-0.60
160,2018-06-24,516.59,521.85,548.71,494.79,10.0,-1.01
161,2018-06-25,511.67,516.59,521.28,500.2,0.0,-0.95
162,2018-06-26,495.0,511.67,526.38,495.0,0.0,-3.26
163,2018-06-27,479.61,495.0,495.0,479.61,0.0,-3.11
164,2018-06-28,480.0,479.61,480.0,479.61,0.0,0.08
165,2018-06-29,508.54,480.0,508.54,480.0,10.0,5.95
166,2018-06-30,533.03,510.67,533.03,510.67,10.0,4.82
167,2018-07-01,537.65,533.03,548.08,519.36,10.0,0.87
168,2018-07-02,533.46,537.65,542.71,519.4,20.0,-0.78
169,2018-07-03,548.18,533.46,553.1,533.46,0.0,2.76
170,2018-07-04,550.93,548.18,557.95,542.02,10.0,0.50
171,2018-07-05,549.74,550.93,566.73,539.76,10.0,-0.22
172,2018-07-06,562.4,549.74,562.4,549.74,0.0,2.30
173,2018-07-07,556.84,562.4,562.4,544.0,0.0,-0.99
174,2018-07-08,580.0,556.84,580.0,556.84,0.0,4.16
175,2018-07-09,597.19,580.0,597.19,580.0,0.0,2.96
176,2018-07-10,563.0,597.19,597.19,561.0,0.0,-5.73
177,2018-07-11,550.48,563.0,563.0,550.48,0.0,-2.22
178,2018-07-12,550.48,550.48,572.48,550.48,0.0,0.00
179,2018-07-13,567.62,550.48,567.62,550.48,0.0,3.11
180,2018-07-14,565.26,567.62,569.86,551.0,0.0,-0.42
181,2018-07-15,559.5,565.26,565.26,559.5,0.0,-1.02
182,2018-07-16,601.88,559.5,601.88,559.5,0.0,7.57
183,2018-07-17,655.99,601.88,655.99,600.0,0.0,8.99
184,2018-07-18,670.79,655.99,670.79,655.99,0.0,2.26
185,2018-07-19,622.0,670.79,670.79,622.0,0.0,-7.27
186,2018-07-20,609.61,622.0,625.0,609.61,0.0,-1.99
187,2018-07-21,596.35,609.61,609.61,589.45,0.0,-2.18
188,2018-07-22,596.35,596.35,596.35,596.35,0.0,0.00
189,2018-07-23,600.01,600.01,600.01,600.01,0.0,0.61
190,2018-07-24,622.55,600.01,622.55,600.01,0.0,3.76
191,2018-07-25,642.63,622.55,642.64,622.55,0.0,3.23
192,2018-07-26,649.9,642.63,653.26,631.25,0.0,1.13
193,2018-07-27,651.22,649.9,651.22,632.76,0.0,0.20
194,2018-07-28,651.22,651.22,651.22,651.22,0.0,0.00
195,2018-07-29,637.9,641.78,641.78,637.9,0.0,-2.05
196,2018-07-30,663.05,637.9,663.05,637.9,0.0,3.94
197,2018-07-31,600.0,663.05,663.05,600.0,0.0,-9.51
198,2018-08-01,580.0,600.0,600.0,580.0,0.0,-3.33
199,2018-08-02,560.43,580.0,580.0,554.8,10.0,-3.37
200,2018-08-03,560.43,560.43,560.43,557.06,10.0,0.00
201,2018-08-04,563.91,560.43,563.91,540.0,0.0,0.62
202,2018-08-05,540.0,563.91,563.91,540.0,0.0,-4.24
203,2018-08-06,540.0,540.0,556.39,540.0,0.0,0.00
204,2018-08-07,522.47,540.0,546.91,522.47,0.0,-3.25
205,2018-08-08,515.73,522.47,522.47,500.4,10.0,-1.29
206,2018-08-09,515.73,515.73,515.73,515.21,0.0,0.00
207,2018-08-10,477.23,515.73,627.02,477.23,0.0,-7.47
208,2018-08-11,467.18,477.23,488.32,450.0,10.0,-2.11
209,2018-08-12,489.34,467.18,489.34,467.18,10.0,4.74
210,2018-08-13,425.0,489.34,489.34,425.0,0.0,-13.15
211,2018-08-14,401.87,425.0,425.0,375.84,10.0,-5.44
212,2018-08-15,401.87,401.87,401.87,401.87,0.0,0.00
213,2018-08-17,446.3,425.0,446.3,425.0,0.0,11.06
214,2018-08-18,439.58,446.3,446.3,439.58,0.0,-1.51
215,2018-08-19,438.6,439.58,452.19,438.6,0.0,-0.22
216,2018-08-20,438.6,438.6,438.6,438.6,0.0,0.00
217,2018-08-22,441.67,447.4,447.4,425.03,0.0,0.70
218,2018-08-23,415.59,441.67,441.67,402.6,0.0,-5.90
219,2018-08-24,436.94,415.59,436.94,415.59,0.0,5.14
220,2018-08-25,438.04,436.94,438.04,428.26,0.0,0.25
221,2018-08-26,426.47,438.04,438.04,426.47,0.0,-2.64
222,2018-08-27,426.5,426.47,426.5,426.47,0.0,0.01
223,2018-08-28,444.79,426.5,444.8,426.5,0.0,4.29
224,2018-08-29,448.13,444.79,451.0,444.79,0.0,0.75
225,2018-08-30,448.13,448.13,448.13,448.13,0.0,0.00
226,2018-08-31,432.87,432.87,432.87,432.87,0.0,-3.41
227,2018-09-01,477.95,432.87,477.95,432.87,0.0,10.41
228,2018-09-02,498.87,477.95,499.92,477.95,10.0,4.38
229,2018-09-03,501.81,498.87,503.03,488.01,0.0,0.59
230,2018-09-04,483.57,501.81,501.81,483.57,0.0,-3.63
231,2018-09-05,421.16,483.57,488.02,421.16,0.0,-12.91
232,2018-09-06,396.01,421.16,421.16,393.9,0.0,-5.97
233,2018-09-07,381.09,396.01,398.83,380.0,10.0,-3.77
234,2018-09-08,350.0,381.09,392.87,350.0,0.0,-8.16
235,2018-09-09,349.97,350.0,350.0,333.49,10.0,-0.01
236,2018-09-10,339.96,349.97,349.97,331.79,0.0,-2.86
237,2018-09-11,333.93,339.96,339.96,323.91,0.0,-1.77
238,2018-09-12,302.95,333.93,334.44,288.53,10.0,-9.28
239,2018-09-13,334.11,302.95,337.94,302.95,0.0,10.29
240,2018-09-14,406.8,334.11,410.72,334.11,0.0,21.76
241,2018-09-15,422.1,406.8,428.95,403.67,0.0,3.76
242,2018-09-16,422.78,422.1,424.11,390.24,0.0,0.16
243,2018-09-17,422.78,422.78,422.78,422.78,0.0,0.00
244,2018-09-18,423.37,375.06,423.37,375.01,0.0,0.14
245,2018-09-19,410.74,423.37,440.24,404.46,0.0,-2.98
246,2018-09-20,403.25,410.74,410.74,395.77,0.0,-1.82
247,2018-09-21,440.72,403.25,440.72,403.25,0.0,9.29
248,2018-09-22,412.28,440.72,446.46,412.28,0.0,-6.45
249,2018-09-23,460.0,412.28,460.0,412.28,0.0,11.57
250,2018-09-24,460.0,460.0,460.0,460.0,0.0,0.00
251,2018-09-27,433.85,457.19,457.19,433.85,0.0,-5.68
252,2018-09-28,433.85,433.85,433.85,433.85,0.0,0.00
253,2018-09-29,478.1,477.72,478.2,477.72,0.0,10.20
254,2018-09-30,557.18,478.1,557.18,478.1,0.0,16.54
255,2018-10-01,500.0,557.18,557.18,450.03,0.0,-10.26
256,2018-10-02,557.19,500.0,557.19,480.79,0.0,11.44
257,2018-10-03,551.48,557.19,557.19,450.03,0.0,-1.02
258,2018-10-04,505.18,551.48,558.83,463.87,10.0,-8.40
259,2018-10-05,585.3,505.18,586.96,505.18,20.0,15.86
260,2018-10-06,640.22,585.3,647.27,585.3,10.0,9.38
261,2018-10-07,599.5,640.22,640.22,599.5,0.0,-6.36
262,2018-10-08,756.51,599.5,886.17,561.87,20.0,26.19
263,2018-10-09,727.75,756.51,820.2,713.1,10.0,-3.80
264,2018-10-10,652.01,727.75,830.64,650.85,10.0,-10.41
265,2018-10-11,621.17,652.01,652.01,602.4,20.0,-4.73
266,2018-10-12,736.84,621.17,736.84,621.17,0.0,18.62
267,2018-10-13,636.2,736.84,736.84,630.64,0.0,-13.66
268,2018-10-14,636.24,636.2,733.72,636.2,0.0,0.01
269,2018-10-15,696.51,636.24,800.0,636.24,0.0,9.47
270,2018-10-16,696.36,696.51,698.41,696.36,0.0,-0.02
271,2018-10-17,661.32,696.36,708.58,638.52,0.0,-5.03
272,2018-10-18,673.91,661.32,673.91,653.92,0.0,1.90
273,2018-10-19,665.15,673.91,709.98,565.95,0.0,-1.30
274,2018-10-20,631.35,665.15,665.15,631.35,0.0,-5.08
275,2018-10-21,681.5,631.35,681.5,631.35,0.0,7.94
276,2018-10-22,681.32,681.5,681.5,679.96,0.0,-0.03
277,2018-10-23,675.0,681.32,700.0,675.0,0.0,-0.93
278,2018-10-24,683.98,675.0,690.0,665.04,0.0,1.33
279,2018-10-25,660.5,683.98,683.98,660.0,0.0,-3.43
280,2018-10-26,660.5,660.5,660.5,660.5,0.0,0.00
281,2018-10-29,644.61,601.32,644.61,601.32,0.0,-2.41
282,2018-10-30,644.0,644.61,644.61,644.0,0.0,-0.09
283,2018-10-31,644.0,644.0,644.0,644.0,0.0,0.00
284,2018-11-02,611.01,611.01,611.01,611.01,0.0,-5.12
285,2018-11-03,611.01,611.01,611.01,611.01,0.0,0.00
286,2018-11-04,700.82,609.22,801.98,609.22,0.0,14.70
287,2018-11-05,620.43,700.82,700.82,620.43,0.0,-11.47
288,2018-11-06,694.96,620.43,750.0,620.43,0.0,12.01
289,2018-11-07,668.96,694.96,694.96,600.02,0.0,-3.74
290,2018-11-08,642.87,668.96,668.96,642.87,0.0,-3.90
291,2018-11-09,642.95,642.87,669.01,642.87,0.0,0.01
292,2018-11-10,642.95,642.95,642.95,642.95,0.0,0.00
293,2018-11-11,650.86,657.95,733.18,650.86,0.0,1.23
294,2018-11-12,675.0,650.86,680.22,650.86,0.0,3.71
295,2018-11-13,680.0,675.0,680.0,675.0,0.0,0.74
296,2018-11-14,600.0,680.0,725.2,600.0,0.0,-11.76
297,2018-11-15,606.6,600.0,606.6,596.93,0.0,1.10
298,2018-11-16,554.37,606.6,606.6,554.37,0.0,-8.61
299,2018-11-17,641.01,554.37,799.39,554.37,20.0,15.63
300,2018-11-18,552.18,641.01,641.01,551.47,10.0,-13.86
301,2018-11-19,415.0,552.18,553.67,415.0,10.0,-24.84
302,2018-11-20,341.77,415.0,464.64,341.77,10.0,-17.65
303,2018-11-21,437.98,341.77,437.98,341.77,0.0,28.15
304,2018-11-22,426.9,437.98,437.98,422.52,0.0,-2.53
305,2018-11-23,380.46,426.9,426.9,380.46,0.0,-10.88
306,2018-11-24,351.84,380.46,497.87,351.84,10.0,-7.52
307,2018-11-25,313.0,351.84,352.0,300.0,0.0,-11.04
308,2018-11-26,312.99,313.0,323.17,312.99,0.0,-0.00
309,2018-11-27,316.01,312.99,369.37,312.99,0.0,0.96
310,2018-11-28,363.86,316.01,365.0,316.01,0.0,15.14
311,2018-11-29,386.56,363.86,386.56,363.86,0.0,6.24
312,2018-11-30,386.56,386.56,386.56,386.56,0.0,0.00
313,2018-12-01,469.3,469.3,469.3,469.3,0.0,21.40
314,2018-12-02,467.88,469.3,469.3,467.88,0.0,-0.30
315,2018-12-03,387.01,467.88,467.88,387.01,20.0,-17.28
316,2018-12-04,418.26,387.01,418.26,387.01,20.0,8.07
317,2018-12-05,352.65,418.26,418.26,352.65,20.0,-15.69
318,2018-12-06,356.25,352.65,356.25,352.65,20.0,1.02
319,2018-12-07,325.22,356.25,356.25,305.01,0.0,-8.71
320,2018-12-08,327.16,325.22,327.16,325.22,0.0,0.60
321,2018-12-09,316.1,327.16,327.16,316.1,0.0,-3.38
322,2018-12-10,312.37,316.1,316.1,310.6,10.0,-1.18
323,2018-12-11,305.01,312.37,314.65,305.0,0.0,-2.36
324,2018-12-12,314.67,314.67,314.67,314.67,0.0,3.17
325,2018-12-13,314.67,314.67,314.67,314.67,0.0,0.00
326,2018-12-14,330.0,314.67,401.0,314.67,0.0,4.87
327,2018-12-15,373.12,330.0,373.12,330.0,0.0,13.07
328,2018-12-16,359.26,373.12,373.12,298.6,0.0,-3.71
329,2018-12-17,394.85,359.26,394.85,291.53,0.0,9.91
330,2018-12-18,409.03,394.85,419.0,372.63,20.0,3.59
331,2018-12-19,404.41,409.03,435.43,404.41,40.0,-1.13
332,2018-12-20,464.51,404.41,464.51,404.41,0.0,14.86
333,2018-12-21,405.86,464.51,464.51,405.86,0.0,-12.63
334,2018-12-22,405.86,405.86,405.86,405.86,0.0,0.00
335,2018-12-23,430.24,405.86,430.24,405.86,0.0,6.01
336,2018-12-24,458.36,430.24,486.0,430.24,0.0,6.54
337,2018-12-25,458.36,458.36,458.36,458.36,0.0,0.00
338,2018-12-26,421.96,458.36,458.36,421.96,0.0,-7.94
339,2018-12-27,421.96,421.96,421.96,421.96,0.0,0.00
340,2018-12-28,421.96,421.96,421.96,421.96,0.0,0.00
341,2018-12-29,519.0,421.96,519.0,421.96,0.0,23.00
342,2018-12-30,519.0,519.0,519.0,519.0,0.0,0.00
343,2019-01-02,477.61,492.28,492.28,477.61,0.0,-7.97
344,2019-01-03,496.34,477.61,518.97,477.61,0.0,3.92
345,2019-01-04,510.33,496.34,516.22,484.83,0.0,2.82
346,2019-01-05,515.82,510.33,523.76,491.76,20.0,1.08
347,2019-01-06,533.85,515.82,538.84,489.84,10.0,3.50
348,2019-01-07,490.7,533.85,538.84,490.11,0.0,-8.08
349,2019-01-08,476.25,490.7,490.86,475.96,20.0,-2.94
350,2019-01-09,486.8,476.25,501.27,450.01,0.0,2.22
351,2019-01-10,442.18,486.8,493.35,439.47,20.0,-9.17
352,2019-01-11,431.71,442.18,442.85,419.01,20.0,-2.37
353,2019-01-12,435.35,431.71,444.18,422.07,20.0,0.84
354,2019-01-13,417.33,435.35,435.39,417.33,10.0,-4.14
355,2019-01-14,433.21,417.33,435.39,417.33,10.0,3.81
356,2019-01-15,434.27,433.21,482.44,433.21,30.0,0.24
357,2019-01-16,451.89,434.27,457.21,434.23,0.0,4.06
358,2019-01-17,465.97,451.89,465.97,449.99,0.0,3.11
359,2019-01-18,452.17,465.97,475.42,452.17,10.0,-2.96
360,2019-01-19,487.28,452.17,487.28,452.17,10.0,7.76
361,2019-01-20,457.71,487.28,487.28,450.95,10.0,-6.07
362,2019-01-21,422.66,457.71,457.71,419.49,11350.0,-7.66
363,2019-01-22,456.34,422.66,456.34,422.66,1750.0,7.97
364,2019-01-23,454.0,456.34,462.84,442.76,28200.0,-0.51
365,2019-01-24,468.03,454.0,474.8,450.23,8240.0,3.09
366,2019-01-25,465.1,468.03,499.99,458.01,41270.0,-0.63
367,2019-01-26,446.5,465.1,469.74,436.5,75230.0,-4.00
368,2019-01-27,430.03,446.5,470.0,427.37,2620.0,-3.69
369,2019-01-28,390.81,430.03,430.03,381.39,80.0,-9.12
370,2019-01-29,388.58,390.81,394.46,380.37,10.0,-0.57
371,2019-01-30,392.02,388.58,400.1,360.36,730.0,0.88
372,2019-01-31,366.7,392.02,406.21,356.81,1950.0,-6.46
373,2019-02-01,374.88,366.7,384.98,364.05,460.0,2.23
374,2019-02-02,378.0,374.88,378.0,367.29,80.0,0.83
375,2019-02-03,375.06,378.0,378.08,362.48,10.0,-0.78
376,2019-02-04,396.9,375.06,396.9,375.06,80.0,5.82
377,2019-02-05,400.25,396.9,404.54,396.0,30.0,0.84
378,2019-02-06,402.59,400.25,403.34,392.43,0.0,0.58
379,2019-02-07,392.85,402.59,405.14,392.85,10.0,-2.42
380,2019-02-08,451.4,392.85,451.4,392.11,40.0,14.90
381,2019-02-09,441.38,451.4,453.36,441.38,0.0,-2.22
382,2019-02-10,468.19,441.38,468.19,441.38,10.0,6.07
383,2019-02-11,498.13,468.19,500.38,461.98,10.0,6.39
384,2019-02-12,505.49,498.13,505.66,478.14,60.0,1.48
385,2019-02-13,563.38,505.49,563.38,498.66,710.0,11.45
386,2019-02-14,524.8,563.38,692.62,524.8,200.0,-6.85
387,2019-02-15,502.85,524.8,566.15,498.44,1240.0,-4.18
388,2019-02-16,515.59,502.85,573.19,500.03,910.0,2.53
389,2019-02-17,553.59,515.73,554.63,506.26,120.0,7.37
390,2019-02-18,576.97,553.59,604.81,553.59,430.0,4.22
391,2019-02-19,642.61,576.97,642.61,551.32,600.0,11.38
392,2019-02-20,669.2,642.61,670.69,634.13,140.0,4.14
393,2019-02-21,654.47,669.2,671.24,644.75,200.0,-2.20
394,2019-02-22,673.36,654.47,675.02,640.53,140.0,2.89
395,2019-02-23,754.45,673.36,754.45,673.3,260.0,12.04
396,2019-02-24,651.07,754.45,775.79,651.07,290.0,-13.70
397,2019-02-25,673.09,651.07,691.39,649.31,100.0,3.38
398,2019-02-26,689.71,673.09,691.92,660.93,1230.0,2.47
399,2019-02-27,465.34,689.71,689.71,465.11,15440.0,-32.53
400,2019-02-28,670.19,465.34,686.92,465.2,10430.0,44.02
401,2019-03-01,664.0,670.19,689.82,537.47,1800.0,-0.92
402,2019-03-02,667.99,664.0,677.06,663.99,270.0,0.60
403,2019-03-03,669.6,667.99,682.58,667.84,520.0,0.24
404,2019-03-04,614.8,669.6,669.6,596.47,650.0,-8.18
405,2019-03-05,675.76,614.8,676.15,611.85,1220.0,9.91
406,2019-03-06,662.54,675.76,698.19,662.54,2029.9999999999998,-1.96
407,2019-03-07,673.77,662.54,698.79,661.38,2460.0,1.69
408,2019-03-08,649.82,673.77,676.96,649.76,3660.0,-3.55
409,2019-03-09,645.41,649.82,657.89,645.13,2050.0,-0.68
410,2019-03-10,645.68,645.41,649.35,635.04,470.0,0.04
411,2019-03-11,652.04,645.68,652.05,645.6,620.0,0.99
412,2019-03-12,663.7,652.04,663.73,648.07,160.0,1.79
413,2019-03-13,623.8,663.7,687.91,623.59,2210.0,-6.01
414,2019-03-14,649.55,623.8,695.96,623.35,240.0,4.13
415,2019-03-15,670.79,649.55,677.73,629.34,1140.0,3.27
416,2019-03-16,737.62,670.79,738.68,670.39,1330.0,9.96
417,2019-03-17,713.48,737.62,737.66,685.81,1310.0,-3.27
418,2019-03-18,686.47,713.48,713.5,686.07,500.0,-3.79
419,2019-03-19,705.76,686.47,708.77,675.28,300.0,2.81
420,2019-03-20,687.58,705.76,705.93,685.33,160.0,-2.58
421,2019-03-21,705.01,687.58,788.86,679.54,9530.0,2.53
422,2019-03-22,727.27,705.01,727.32,704.86,3070.0,3.16
423,2019-03-23,731.6,727.27,733.99,705.34,370.0,0.59
424,2019-03-24,729.16,731.6,732.23,724.58,60.0,-0.33
425,2019-03-25,695.99,729.16,738.74,695.99,20.0,-4.55
426,2019-03-26,692.73,695.99,706.92,672.86,2190.0,-0.47
427,2019-03-27,692.89,692.73,709.05,690.11,1890.0,0.02
428,2019-03-28,692.83,692.89,707.92,686.25,5300.0,-0.01
429,2019-03-29,704.29,692.83,704.39,658.36,2560.0,1.65
430,2019-03-30,706.3,704.29,768.11,704.29,5140.0,0.29
431,2019-03-31,712.0,706.3,712.01,705.02,850.0,0.81
432,2019-04-01,710.36,712.0,712.29,705.06,4270.0,-0.23
433,2019-04-02,787.36,710.36,791.05,710.35,6640.0,10.84
434,2019-04-03,740.08,787.36,792.74,721.07,14130.0,-6.00
435,2019-04-04,730.68,740.08,750.22,715.72,80.0,-1.27
436,2019-04-05,799.75,730.68,806.02,730.0,100.0,9.45
437,2019-04-06,773.71,799.75,799.82,772.01,20.0,-3.26
438,2019-04-07,763.34,773.71,787.03,736.56,50.0,-1.34
439,2019-04-08,709.36,763.34,793.6,671.21,620.0,-7.07
440,2019-04-09,719.32,709.36,721.28,697.01,750.0,1.40
441,2019-04-10,704.8,719.32,722.36,694.15,200.0,-2.02
442,2019-04-11,634.27,704.8,705.78,605.3,350.0,-10.01
443,2019-04-12,637.16,634.27,642.65,611.2,50.0,0.45
444,2019-04-13,615.67,637.16,645.82,610.64,90.0,-3.37
445,2019-04-14,652.35,615.67,652.89,606.92,40.0,5.96
446,2019-04-15,632.95,652.35,676.81,622.45,10.0,-2.97
447,2019-04-16,627.8,632.95,658.89,626.14,10.0,-0.81
448,2019-04-17,633.32,627.8,636.44,601.38,70.0,0.88
449,2019-04-18,637.89,633.32,651.0,631.2,340.0,0.72
450,2019-04-19,617.79,637.89,637.96,601.28,180.0,-3.15
451,2019-04-20,612.93,617.79,625.7,598.88,130.0,-0.79
452,2019-04-21,601.22,612.93,616.09,597.75,90.0,-1.91
453,2019-04-22,598.28,601.22,613.68,576.74,80.0,-0.49
454,2019-04-23,593.68,598.28,621.0,588.43,60.0,-0.77
455,2019-04-24,566.16,593.68,599.39,557.02,220.0,-4.63
456,2019-04-25,509.01,566.16,571.56,508.86,260.0,-10.09
457,2019-04-26,500.51,509.01,518.58,474.86,250.0,-1.67
458,2019-04-27,529.69,500.51,584.69,495.39,250.0,5.83
459,2019-04-28,549.12,529.69,561.84,528.05,50.0,3.67
460,2019-04-29,532.58,549.12,582.61,526.29,30.0,-3.01
461,2019-04-30,530.15,532.58,543.43,518.06,140.0,-0.46
462,2019-05-01,523.6,530.15,537.52,489.71,80.0,-1.24
463,2019-05-02,544.1,523.6,544.54,523.17,70.0,3.92
464,2019-05-03,546.8,544.1,560.09,520.44,430.0,0.50
465,2019-05-04,550.2,546.8,550.23,525.08,130.0,0.62
466,2019-05-05,523.81,550.2,553.69,510.75,200.0,-4.80
467,2019-05-06,543.33,523.81,574.09,512.02,60.0,3.73
468,2019-05-07,579.39,543.33,590.42,538.77,210.0,6.64
469,2019-05-08,528.2,579.39,579.39,516.49,50.0,-8.84
470,2019-05-09,518.09,528.2,533.75,504.63,50.0,-1.91
471,2019-05-10,528.41,518.09,530.79,506.33,50.0,1.99
472,2019-05-11,594.42,528.41,613.01,528.41,90.0,12.49
473,2019-05-12,553.91,594.42,594.58,547.67,160.0,-6.82
474,2019-05-13,578.96,553.91,609.4,552.25,520.0,4.52
475,2019-05-14,628.68,578.96,628.86,578.96,350.0,8.59
476,2019-05-15,692.36,628.68,725.32,627.87,760.0,10.13
477,2019-05-16,666.11,692.36,732.29,658.01,210.0,-3.79
478,2019-05-17,623.96,666.11,675.21,599.74,50.0,-6.33
479,2019-05-18,630.93,623.96,646.31,623.96,10.0,1.12
480,2019-05-19,682.01,630.93,691.43,618.06,50.0,8.10
481,2019-05-20,661.39,682.01,682.01,635.36,30.0,-3.02
482,2019-05-21,664.38,661.39,681.77,649.56,20.0,0.45
483,2019-05-22,640.07,664.38,674.53,584.44,80.0,-3.66
484,2019-05-23,648.19,640.07,658.75,616.48,10.0,1.27
485,2019-05-24,690.95,648.19,697.2,647.37,20.0,6.60
486,2019-05-25,722.3,690.95,722.3,685.63,230.0,4.54
487,2019-05-26,727.97,722.3,740.63,692.17,690.0,0.79
488,2019-05-27,753.79,727.97,761.32,704.36,610.0,3.55
489,2019-05-28,758.33,753.79,758.88,721.83,30.0,0.60
490,2019-05-29,749.72,758.33,761.51,729.57,1500.0,-1.13
491,2019-05-30,717.52,749.72,802.71,690.46,250.0,-4.30
492,2019-05-31,726.01,717.52,758.22,698.19,30.0,1.18
493,2019-06-01,725.54,726.01,737.95,721.65,20.0,-0.06
494,2019-06-02,732.78,725.54,745.1,716.99,0.0,1.00
495,2019-06-03,676.43,732.78,738.36,676.43,90.0,-7.69
496,2019-06-04,644.66,676.43,721.48,632.41,30.0,-4.70
497,2019-06-05,682.07,644.66,706.59,644.24,10.0,5.80
498,2019-06-06,731.96,682.07,731.96,681.48,80.0,7.31
499,2019-06-07,763.71,731.96,776.06,725.63,30.0,4.34
500,2019-06-08,759.39,763.71,766.88,747.07,20.0,-0.56
501,2019-06-09,722.55,759.39,768.33,721.83,10.0,-4.85
502,2019-06-10,715.31,722.55,743.03,673.59,650.0,-1.00
503,2019-06-11,700.16,715.31,715.72,680.09,220.0,-2.12
504,2019-06-12,732.31,700.16,752.84,698.15,90.0,4.59
505,2019-06-13,728.33,732.31,735.76,716.46,50.0,-0.54
506,2019-06-14,732.51,728.33,732.51,712.23,10.0,0.57
507,2019-06-15,715.83,732.51,743.56,706.49,10.0,-2.28
508,2019-06-16,733.53,715.83,738.68,715.43,10.0,2.47
509,2019-06-17,737.87,733.53,750.51,732.59,10.0,0.59
510,2019-06-18,723.55,737.87,753.74,699.11,70.0,-1.94
511,2019-06-19,714.03,723.55,728.93,703.47,10.0,-1.32
512,2019-06-20,712.18,714.03,714.14,703.37,20.0,-0.26
513,2019-06-21,739.03,712.18,741.36,705.71,20.0,3.77
514,2019-06-22,757.97,739.03,788.24,738.51,40.0,2.56
515,2019-06-23,728.89,757.97,770.69,728.89,30.0,-3.84
516,2019-06-24,722.35,728.89,759.26,705.9,30.0,-0.90
517,2019-06-25,758.38,722.35,758.38,700.53,20.0,4.99
518,2019-06-26,755.24,758.38,795.3,723.01,670.0,-0.41
519,2019-06-27,664.45,755.24,760.92,603.84,90.0,-12.02
520,2019-06-28,712.81,664.45,717.46,658.53,30.0,7.28
521,2019-06-29,695.81,712.81,715.14,667.16,10.0,-2.39
522,2019-06-30,623.44,695.81,698.36,619.6,40.0,-10.40
523,2019-07-01,605.79,623.44,647.74,567.93,60.0,-2.83
524,2019-07-02,649.31,605.79,650.96,570.66,60.0,7.18
525,2019-07-03,651.52,649.31,671.16,623.13,110.0,0.34
526,2019-07-04,661.87,651.52,705.3,649.85,20.0,1.59
527,2019-07-05,655.56,661.87,693.54,654.28,10.0,-0.95
528,2019-07-06,678.6,655.56,698.72,655.56,10.0,3.51
529,2019-07-07,692.2,678.6,697.92,668.24,20.0,2.01
530,2019-07-08,705.03,692.2,714.51,688.74,10.0,1.85
531,2019-07-09,743.6,705.03,764.25,703.47,190.0,5.47
532,2019-07-10,693.18,743.6,757.74,673.44,20.0,-6.78
533,2019-07-11,665.2,693.18,693.18,642.27,20.0,-4.04
534,2019-07-12,670.62,665.2,696.66,663.27,0.0,0.81
535,2019-07-13,657.75,670.62,673.72,635.32,10.0,-1.92
536,2019-07-14,596.37,657.75,659.81,595.62,140.0,-9.33
537,2019-07-15,587.58,596.37,596.43,539.18,40.0,-1.47
538,2019-07-16,487.39,587.58,594.72,486.47,70.0,-17.05
539,2019-07-17,531.16,487.39,531.58,468.6,110.0,8.98
540,2019-07-18,569.09,531.16,569.09,507.6,10.0,7.14
541,2019-07-19,558.42,569.09,569.11,547.31,10.0,-1.88
542,2019-07-20,570.55,558.42,583.72,555.6,20.0,2.17
543,2019-07-21,558.4,570.55,578.09,540.39,20.0,-2.13
544,2019-07-22,555.96,558.4,596.64,540.45,50.0,-0.44
545,2019-07-23,583.11,555.96,598.53,555.96,60.0,4.88
546,2019-07-24,573.59,583.11,583.11,555.32,30.0,-1.63
547,2019-07-25,588.42,570.89,604.3,570.09,0.0,2.59
548,2019-07-26,614.19,588.42,614.88,584.72,30.0,4.38
549,2019-07-27,566.75,614.19,629.46,541.84,730.0,-7.72
550,2019-07-28,586.57,566.75,593.58,566.75,10.0,3.50
551,2019-07-29,582.23,586.57,613.36,560.46,100.0,-0.74
552,2019-07-30,598.64,582.23,621.08,557.46,30.0,2.82
553,2019-07-31,598.0,599.0,629.68,575.6,100.0,-0.11
554,2019-08-01,600.64,598.0,601.9,581.98,50.0,0.44
555,2019-08-02,597.13,600.64,605.53,596.14,40.0,-0.58
556,2019-08-03,588.79,597.13,607.42,586.67,20.0,-1.40
557,2019-08-04,583.14,588.79,592.14,574.12,30.0,-0.96
558,2019-08-05,582.08,583.14,608.69,580.46,50.0,-0.18
559,2019-08-06,546.65,582.08,602.33,545.18,50.0,-6.09
560,2019-08-07,551.64,546.65,568.09,545.64,0.0,0.91
561,2019-08-08,539.58,551.64,552.57,527.95,250.0,-2.19
562,2019-08-09,504.72,539.58,596.78,497.0,80.0,-6.46
563,2019-08-10,483.74,504.72,516.12,483.63,70.0,-4.16
564,2019-08-11,502.93,483.74,516.25,482.93,10.0,3.97
565,2019-08-12,477.71,502.93,510.82,476.92,20.0,-5.01
566,2019-08-13,470.45,477.71,493.03,465.64,20.0,-1.52
567,2019-08-14,462.79,470.45,482.37,449.98,20.0,-1.63
568,2019-08-15,486.18,462.79,486.18,433.06,40.0,5.05
569,2019-08-16,514.47,486.18,524.74,465.54,40.0,5.82
570,2019-08-17,512.81,514.47,520.59,502.54,0.0,-0.32
571,2019-08-18,504.75,512.81,519.6,500.3,80.0,-1.57
572,2019-08-19,510.93,504.75,516.28,497.22,20.0,1.22
573,2019-08-20,513.66,510.93,514.0,502.0,50.0,0.54
574,2019-08-21,489.58,513.68,514.0,479.12,10.0,-4.69
575,2019-08-22,507.6,489.58,510.87,482.31,0.0,3.68
576,2019-08-23,506.23,507.6,508.19,489.42,30.0,-0.27
577,2019-08-24,502.94,506.23,508.68,490.14,50.0,-0.65
578,2019-08-25,496.32,502.94,506.59,494.26,20.0,-1.32
579,2019-08-26,517.13,496.32,526.51,496.32,50.0,4.19
580,2019-08-27,532.73,517.13,536.75,504.75,30.0,3.02
581,2019-08-28,483.81,532.73,532.73,477.65,40.0,-9.18
582,2019-08-29,465.66,483.81,508.24,463.5,10.0,-3.75
583,2019-08-30,482.48,465.66,510.9,454.66,0.0,3.61
584,2019-08-31,476.99,482.48,483.0,468.16,0.0,-1.14
585,2019-09-01,457.8,476.99,492.16,457.8,0.0,-4.02
586,2019-09-02,465.9,457.8,495.8,451.7,10.0,1.77
587,2019-09-03,476.1,465.9,487.8,465.9,10.0,2.19
588,2019-09-04,477.23,476.1,482.8,468.3,0.0,0.24
589,2019-09-05,461.45,477.23,492.17,460.39,0.0,-3.31
590,2019-09-06,410.98,461.45,490.59,406.28,130.0,-10.94
591,2019-09-07,442.87,410.98,442.87,410.98,10.0,7.76
592,2019-09-08,450.53,442.87,466.4,430.26,50.0,1.73
593,2019-09-09,481.94,450.53,481.96,449.01,20.0,6.97
594,2019-09-10,473.41,481.94,492.66,473.41,10.0,-1.77
595,2019-09-11,464.01,473.41,500.33,464.01,10.0,-1.99
596,2019-09-12,465.1,464.01,477.6,455.1,20.0,0.24
597,2019-09-13,464.49,465.1,465.6,463.36,10.0,-0.13
598,2019-09-14,475.1,464.49,475.1,460.92,20.0,2.28
599,2019-09-15,480.1,475.1,480.1,464.2,20.0,1.05
600,2019-09-16,467.78,480.1,480.82,463.68,10.0,-2.57
601,2019-09-17,523.08,467.78,530.04,444.16,160.0,11.82
602,2019-09-18,524.78,523.08,540.53,523.08,150.0,0.33
603,2019-09-19,547.97,524.78,548.05,512.25,40.0,4.42
604,2019-09-20,546.03,547.97,597.7,534.71,50.0,-0.35
605,2019-09-21,548.49,546.03,582.01,534.17,30.0,0.45
606,2019-09-22,525.1,548.49,572.99,525.1,20.0,-4.26
607,2019-09-23,512.34,525.1,554.4,504.29,80.0,-2.43
608,2019-09-24,449.79,512.34,516.6,405.98,30.0,-12.21
609,2019-09-25,447.11,449.79,461.5,433.69,20.0,-0.59
610,2019-09-26,436.36,447.11,474.73,415.13,40.0,-2.40
611,2019-09-27,454.04,436.36,471.65,436.36,10.0,4.05
612,2019-09-28,438.7,454.04,477.73,438.7,30.0,-3.38
613,2019-09-29,428.82,438.7,475.99,426.71,10.0,-2.25
614,2019-09-30,441.73,428.82,465.19,413.39,30.0,3.01
615,2019-10-01,446.42,441.73,462.55,440.63,440.0,1.06
616,2019-10-02,448.0,446.42,464.0,434.4,220.0,0.35
617,2019-10-03,454.7,448.0,454.7,432.58,40.0,1.50
618,2019-10-04,447.05,454.7,463.83,437.47,90.0,-1.68
619,2019-10-05,442.15,447.05,447.05,437.72,30.0,-1.10
620,2019-10-06,425.21,442.15,444.8,425.21,150.0,-3.83
621,2019-10-07,456.2,425.21,456.2,425.21,50.0,7.29
622,2019-10-08,455.6,456.2,462.84,452.75,80.0,-0.13
623,2019-10-09,535.99,455.6,541.01,455.6,150.0,17.64
624,2019-10-10,544.97,535.99,547.94,522.08,150.0,1.67
625,2019-10-11,510.93,544.97,564.16,510.89,90.0,-6.24
626,2019-10-12,505.27,510.93,519.77,500.21,60.0,-1.11
627,2019-10-13,507.73,505.27,510.56,505.18,140.0,0.49
628,2019-10-14,509.89,507.73,516.94,499.01,150.0,0.43
629,2019-10-15,496.35,509.89,511.74,491.18,170.0,-2.66
630,2019-10-16,487.1,496.35,499.93,484.7,350.0,-1.86
631,2019-10-17,488.92,487.2,491.16,474.0,120.0,0.37
632,2019-10-18,483.22,488.92,500.76,469.84,450.0,-1.17
633,2019-10-19,492.9,483.22,501.2,477.23,20.0,2.00
634,2019-10-20,497.94,492.9,558.87,484.9,20.0,1.02
635,2019-10-21,492.73,497.94,544.87,488.02,40.0,-1.05
636,2019-10-22,484.4,492.73,499.67,483.0,10.0,-1.69
637,2019-10-23,451.87,484.4,492.3,443.9,60.0,-6.72
638,2019-10-24,461.1,451.87,468.15,451.02,150.0,2.04
639,2019-10-25,512.94,461.1,528.51,461.1,70.0,11.24
640,2019-10-26,502.98,512.94,573.43,482.18,320.0,-1.94
641,2019-10-27,519.23,502.98,530.14,485.29,20.0,3.23
642,2019-10-28,513.7,519.23,535.73,503.01,90.0,-1.06
643,2019-10-29,532.3,513.7,542.9,510.2,70.0,3.62
644,2019-10-30,513.8,532.3,543.6,505.9,40.0,-3.48
645,2019-10-31,538.47,513.8,556.1,500.31,50.0,4.80
646,2019-11-01,527.5,538.47,551.01,517.18,110.0,-2.04
647,2019-11-02,528.92,527.5,532.8,520.6,30.0,0.27
648,2019-11-03,523.31,528.92,533.1,519.86,50.0,-1.06
649,2019-11-04,546.95,523.31,550.9,521.88,50.0,4.52
650,2019-11-05,555.63,546.95,566.72,536.77,90.0,1.59
651,2019-11-06,585.75,555.63,597.53,549.11,50.0,5.42
652,2019-11-07,656.5,585.75,656.54,579.66,180.0,12.08
653,2019-11-08,665.09,656.5,683.37,633.23,160.0,1.31
654,2019-11-09,656.56,665.09,674.66,648.47,150.0,-1.28
655,2019-11-10,675.3,656.56,675.3,640.66,10.0,2.85
656,2019-11-11,647.52,675.3,691.0,640.21,100.0,-4.11
657,2019-11-12,655.0,647.52,660.88,640.93,530.0,1.16
658,2019-11-13,657.0,655.0,657.0,649.99,210.0,0.30
659,2019-11-14,649.7,657.0,657.0,637.3,90.0,-1.11
660,2019-11-15,609.42,649.7,651.16,572.75,370.0,-6.20
661,2019-11-16,623.8,609.42,631.7,603.94,110.0,2.36
662,2019-11-17,658.24,623.8,658.24,618.7,100.0,5.52
663,2019-11-18,647.77,658.24,665.33,636.02,80.0,-1.59
664,2019-11-19,597.21,647.77,647.77,578.85,40.0,-7.81
665,2019-11-20,583.05,597.21,603.14,569.33,190.0,-2.37
666,2019-11-21,525.53,583.05,586.91,524.44,200.0,-9.87
667,2019-11-22,513.35,525.53,546.74,439.56,370.0,-2.32
668,2019-11-23,551.57,513.35,574.77,504.42,120.0,7.45
669,2019-11-24,461.11,551.57,554.63,461.11,110.0,-16.40
670,2019-11-25,529.08,461.11,537.02,427.89,200.0,14.74
671,2019-11-26,534.5,529.08,544.39,508.15,50.0,1.02
672,2019-11-27,556.08,534.5,576.61,516.14,70.0,4.04
673,2019-11-28,536.32,556.08,577.99,536.32,10.0,-3.55
674,2019-11-29,544.39,536.32,575.27,530.01,50.0,1.51
675,2019-11-30,537.45,544.39,561.53,528.47,30.0,-1.27
676,2019-12-01,511.54,537.45,537.76,501.25,50.0,-4.82
677,2019-12-02,566.9,511.54,567.91,511.12,140.0,10.82
678,2019-12-03,540.73,566.9,567.97,530.59,40.0,-4.62
679,2019-12-04,492.86,540.73,574.21,483.66,460.0,-8.85
680,2019-12-05,503.72,492.86,528.27,464.01,440.0,2.20
681,2019-12-06,506.86,503.72,519.36,493.52,60.0,0.62
682,2019-12-07,491.5,506.86,524.5,491.48,90.0,-3.03
683,2019-12-08,509.84,491.5,510.24,490.73,40.0,3.73
684,2019-12-09,492.99,509.84,513.17,492.72,90.0,-3.31
685,2019-12-10,505.0,492.99,513.35,492.65,40.0,2.44
686,2019-12-11,490.44,505.0,507.7,482.47,140.0,-2.88
687,2019-12-12,494.62,490.44,504.85,484.76,20.0,0.85
688,2019-12-13,508.89,494.62,515.47,494.42,50.0,2.89
689,2019-12-14,510.1,508.89,521.43,504.1,100.0,0.24
690,2019-12-15,494.25,510.1,510.1,485.64,360.0,-3.11
691,2019-12-16,460.92,494.25,504.68,448.52,560.0,-6.74
692,2019-12-17,412.54,460.92,466.98,405.83,430.0,-10.50
693,2019-12-18,469.77,412.54,469.77,400.17,520.0,13.87
694,2019-12-19,470.26,469.77,479.79,444.11,220.0,0.10
695,2019-12-20,483.14,470.26,495.83,453.09,130.0,2.74
696,2019-12-21,486.66,483.14,505.64,469.09,90.0,0.73
697,2019-12-22,501.89,486.66,504.35,469.02,80.0,3.13
698,2019-12-23,456.29,505.44,508.75,444.53,210.0,-9.08
699,2019-12-24,453.73,456.29,463.03,440.98,450.0,-0.56
700,2019-12-25,433.43,453.73,459.7,432.32,800.0,-4.47
701,2019-12-26,432.8,433.43,451.29,425.81,170.0,-0.15
702,2019-12-27,421.37,432.8,439.93,418.02,280.0,-2.64
703,2019-12-28,439.15,421.37,442.21,421.37,30.0,4.22
704,2019-12-29,455.35,439.15,457.72,429.77,50.0,3.69
705,2019-12-30,446.04,455.35,461.2,439.7,20.0,-2.05
706,2019-12-31,436.23,446.04,450.4,432.43,30.0,-2.20
707,2020-01-01,435.59,436.23,445.01,429.31,80.0,-0.15
708,2020-01-02,424.12,435.59,440.26,416.35,150.0,-2.63
709,2020-01-03,434.19,424.12,434.22,419.98,40.0,2.37
710,2020-01-04,433.79,434.19,445.89,424.82,60.0,-0.09
711,2020-01-05,437.4,433.79,445.85,433.79,40.0,0.83
712,2020-01-06,463.79,437.4,463.79,437.4,60.0,6.03
713,2020-01-07,474.4,463.79,474.4,457.28,50.0,2.29
714,2020-01-08,483.1,474.4,494.86,473.63,60.0,1.83
715,2020-01-09,463.68,483.1,483.1,456.02,50.0,-4.02
716,2020-01-10,479.79,463.68,482.14,458.8,60.0,3.47
717,2020-01-11,474.93,479.79,491.44,474.2,30.0,-1.01
718,2020-01-12,492.29,474.93,493.65,474.93,110.0,3.65
719,2020-01-13,488.55,492.29,496.06,481.38,20.0,-0.76
720,2020-01-14,537.83,488.55,540.13,486.01,240.0,10.09
721,2020-01-15,537.38,537.83,556.36,506.78,150.0,-0.08
722,2020-01-16,526.56,537.38,539.85,476.13,70.0,-2.01
723,2020-01-17,517.39,526.56,529.54,500.06,920.0,-1.74
724,2020-01-18,517.18,517.39,526.33,482.77,550.0,-0.04
725,2020-01-19,499.0,517.18,528.56,488.15,70.0,-3.51
726,2020-01-20,481.17,499.0,510.65,454.64,150.0,-3.57
727,2020-01-21,479.2,481.17,484.67,465.89,210.0,-0.41
728,2020-01-22,471.6,479.2,499.95,464.4,40.0,-1.59
729,2020-01-23,468.6,471.6,471.6,452.32,50.0,-0.64
730,2020-01-24,464.05,468.6,468.6,451.49,60.0,-0.97
731,2020-01-25,463.74,464.05,465.62,452.12,40.0,-0.07
732,2020-01-26,474.1,463.74,475.0,452.08,50.0,2.23
733,2020-01-27,484.53,474.1,503.8,468.3,50.0,2.20
734,2020-01-28,528.75,484.53,528.75,484.52,110.0,9.13
735,2020-01-29,518.27,519.71,530.84,510.7,110.0,-1.98
736,2020-01-30,545.03,518.27,545.35,506.15,70.0,5.16
737,2020-01-31,546.23,545.03,556.29,528.93,30.0,0.22
738,2020-02-01,545.74,546.23,555.1,535.42,60.0,-0.09
739,2020-02-02,550.12,545.74,565.63,541.98,70.0,0.80
740,2020-02-03,560.14,550.12,564.07,544.21,70.0,1.82
741,2020-02-04,544.64,560.14,560.14,544.64,100.0,-2.77
742,2020-02-05,568.62,544.64,579.36,543.66,160.0,4.40
743,2020-02-06,567.47,568.62,582.62,557.16,340.0,-0.20
744,2020-02-07,579.62,567.47,583.18,564.94,330.0,2.14
745,2020-02-08,576.97,578.46,583.84,561.43,250.0,-0.46
746,2020-02-09,588.38,576.97,589.3,571.45,320.0,1.98
747,2020-02-10,569.44,585.14,589.58,551.97,340.0,-3.22
748,2020-02-11,585.11,569.44,591.9,556.91,280.0,2.75
749,2020-02-12,611.19,585.11,619.39,585.11,540.0,4.46
750,2020-02-13,621.0,611.19,635.19,600.3,780.0,1.60
751,2020-02-14,635.62,621.0,640.26,604.46,850.0,2.35
752,2020-02-15,599.33,635.62,640.66,596.83,790.0,-5.71
753,2020-02-16,635.79,599.33,640.7,592.52,760.0,6.08
754,2020-02-17,609.61,635.79,639.45,585.99,730.0,-4.12
755,2020-02-18,630.53,609.61,641.05,595.06,650.0,3.43
756,2020-02-19,644.73,630.53,727.68,615.62,820.0,2.25
757,2020-02-20,639.45,641.86,655.13,620.43,830.0,-0.82
758,2020-02-21,631.58,639.45,653.02,616.72,840.0,-1.23
759,2020-02-22,639.02,631.58,640.8,606.89,820.0,1.18
760,2020-02-23,649.05,639.12,651.96,625.26,890.0,1.57
761,2020-02-24,630.49,649.05,656.16,616.58,700.0,-2.86
762,2020-02-25,587.5,630.49,631.67,586.41,770.0,-6.82
763,2020-02-26,541.4,587.5,589.56,538.54,830.0,-7.85
764,2020-02-27,565.34,541.4,580.96,522.99,910.0,4.42
765,2020-02-28,578.93,565.34,592.12,560.74,650.0,2.40
766,2020-02-29,555.89,577.11,594.0,553.41,680.0,-3.98
767,2020-03-01,545.3,555.89,564.76,538.07,440.0,-1.90
768,2020-03-02,576.61,545.3,582.1,538.15,660.0,5.74
769,2020-03-03,534.91,576.61,580.98,530.0,880.0,-7.23
770,2020-03-04,541.7,534.91,549.89,532.82,830.0,1.27
771,2020-03-05,545.22,541.7,557.22,534.73,890.0,0.65
772,2020-03-06,588.28,545.22,591.85,542.84,800.0,7.90
773,2020-03-07,611.22,588.28,613.2,583.73,1680.0,3.90
774,2020-03-08,511.48,611.22,612.69,510.11,1000.0,-16.32
775,2020-03-09,514.63,511.48,520.7,480.65,460.0,0.62
776,2020-03-10,503.46,514.63,529.84,496.76,110.0,-2.17
777,2020-03-11,490.62,503.46,503.72,467.16,190.0,-2.55
778,2020-03-12,196.12,490.62,490.62,192.11,1880.0,-60.03
779,2020-03-13,295.94,196.12,346.67,172.95,250.0,50.90
780,2020-03-14,244.47,295.94,311.09,243.34,220.0,-17.39
781,2020-03-15,224.34,244.47,254.23,205.84,870.0,-8.23
782,2020-03-16,204.82,224.34,234.91,168.03,1240.0,-8.70
783,2020-03-17,208.19,204.82,243.46,202.78,1640.0,1.64
784,2020-03-18,217.31,208.19,238.63,191.14,1700.0,4.38
785,2020-03-19,273.3,217.31,281.92,212.82,2330.0,25.77
786,2020-03-20,254.71,273.3,307.69,240.4,2110.0,-6.80
787,2020-03-21,271.17,254.71,288.22,250.73,1030.0,6.46
788,2020-03-22,259.55,271.17,286.66,251.47,1510.0,-4.29
789,2020-03-23,267.38,259.55,274.22,239.72,970.0,3.02
790,2020-03-24,279.47,267.38,284.41,255.6,1480.0,4.52
791,2020-03-25,281.29,279.47,287.95,260.12,1260.0,0.65
792,2020-03-26,348.54,281.29,348.54,269.58,1410.0,23.91
793,2020-03-27,313.78,348.54,359.29,303.88,1590.0,-9.97
794,2020-03-28,306.8,313.78,314.89,282.38,1150.0,-2.23
795,2020-03-29,291.23,306.8,317.45,283.58,610.0,-5.07
796,2020-03-30,296.08,291.23,319.46,286.05,850.0,1.67
797,2020-03-31,291.69,296.08,308.55,280.72,1010.0,-1.48
798,2020-04-01,290.45,291.69,295.82,275.83,980.0,-0.43
799,2020-04-02,302.66,290.45,316.8,288.98,1280.0,4.20
800,2020-04-03,298.65,302.66,325.38,293.66,2020.0,-1.32
801,2020-04-04,310.18,298.65,314.78,294.1,1440.0,3.86
802,2020-04-05,299.33,310.18,317.42,295.25,1290.0,-3.50
803,2020-04-06,325.21,299.33,329.25,291.22,1770.0,8.65
804,2020-04-07,318.97,325.21,337.39,315.55,970.0,-1.92
805,2020-04-08,324.69,318.97,333.83,312.11,790.0,1.79
806,2020-04-09,326.67,324.69,337.74,316.03,620.0,0.61
807,2020-04-10,296.74,326.67,329.55,290.02,1200.0,-9.16
808,2020-04-11,296.08,296.74,307.86,290.92,970.0,-0.22
809,2020-04-12,288.97,296.08,303.83,288.61,1080.0,-2.40
810,2020-04-13,297.76,288.97,299.0,270.41,1300.0,3.04
811,2020-04-14,295.17,297.76,303.54,283.6,880.0,-0.87
812,2020-04-15,284.0,295.17,297.87,276.35,490.0,-3.78
813,2020-04-16,293.72,284.0,313.49,275.72,2320.0,3.42
814,2020-04-17,297.98,293.72,304.07,290.52,1630.0,1.45
815,2020-04-18,315.93,297.98,322.48,294.32,1460.0,6.02
816,2020-04-19,316.62,315.93,326.9,305.24,2140.0,0.22
817,2020-04-20,297.47,316.62,326.83,295.35,1530.0,-6.05
818,2020-04-21,310.31,297.47,315.26,293.79,1510.0,4.32
819,2020-04-22,329.53,310.31,332.78,305.87,1090.0,6.19
820,2020-04-23,330.78,329.53,339.93,321.7,2580.0,0.38
821,2020-04-24,339.23,330.78,339.87,326.21,1170.0,2.55
822,2020-04-25,330.58,339.23,339.24,326.51,970.0,-2.55
823,2020-04-26,341.79,330.58,347.8,325.59,1430.0,3.39
824,2020-04-27,338.95,341.79,347.77,330.5,260.0,-0.83
825,2020-04-28,336.64,338.95,339.04,320.45,690.0,-0.68
826,2020-04-29,341.4,336.64,353.02,335.19,1650.0,1.41
827,2020-04-30,335.4,341.4,353.97,321.26,1970.0,-1.76
828,2020-05-01,345.38,335.4,353.91,335.12,810.0,2.98
829,2020-05-02,351.49,345.38,354.08,343.55,390.0,1.77
830,2020-05-03,350.55,351.49,356.92,344.04,730.0,-0.27
831,2020-05-04,353.5,350.55,358.52,339.75,910.0,0.84
832,2020-05-05,338.78,353.5,358.86,331.02,1140.0,-4.16
833,2020-05-06,328.8,338.78,344.83,322.99,880.0,-2.94
834,2020-05-07,348.74,328.8,350.8,326.17,680.0,6.06
835,2020-05-08,344.15,348.74,348.74,326.85,770.0,-1.31
836,2020-05-09,344.25,344.15,348.0,332.09,370.0,0.03
837,2020-05-10,330.09,344.25,344.25,301.32,1050.0,-4.11
838,2020-05-11,315.79,330.09,338.94,305.59,640.0,-4.33
839,2020-05-12,320.95,315.79,333.02,315.72,290.0,1.64
840,2020-05-13,325.76,320.95,334.24,317.16,690.0,1.50
841,2020-05-14,331.12,325.76,338.65,317.52,2000.0,1.65
842,2020-05-15,321.48,331.12,339.32,312.69,2960.0,-2.91
843,2020-05-16,329.3,321.48,336.91,319.19,1580.0,2.43
844,2020-05-17,339.99,329.3,346.49,328.67,1750.0,3.25
845,2020-05-18,325.68,339.99,352.88,320.49,4390.0,-4.21
846,2020-05-19,333.52,325.68,334.91,316.66,5870.0,2.41
847,2020-05-20,330.06,333.52,339.46,315.17,4440.0,-1.04
848,2020-05-21,317.46,330.06,334.1,302.11,2640.0,-3.82
849,2020-05-22,318.79,317.46,332.83,310.73,4980.0,0.42
850,2020-05-23,337.1,318.79,339.78,317.75,3090.0,5.75
851,2020-05-24,324.3,337.1,349.44,324.3,2620.0,-3.80
852,2020-05-25,344.2,324.3,349.51,318.41,3120.0,6.13
853,2020-05-26,336.36,344.2,351.89,335.5,1430.0,-2.28
854,2020-05-27,343.96,336.36,350.07,334.54,780.0,2.26
855,2020-05-28,352.42,343.96,355.23,338.63,1320.0,2.46
856,2020-05-29,492.16,352.42,525.32,342.05,9210.0,39.65
857,2020-05-30,511.09,492.16,541.33,482.22,6140.0,3.85
858,2020-05-31,461.68,511.09,518.91,456.03,4290.0,-9.67
859,2020-06-01,463.49,461.68,477.32,450.03,7120.0,0.39
860,2020-06-02,445.56,463.49,464.07,406.18,7110.0,-3.87
861,2020-06-03,423.26,445.56,452.98,412.68,6640.0,-5.01
862,2020-06-04,422.74,423.83,443.3,418.85,5710.0,-0.12
863,2020-06-05,479.49,422.74,485.09,417.16,5460.0,13.42
864,2020-06-06,495.23,480.7,498.85,451.07,7510.0,3.28
865,2020-06-07,542.12,495.23,552.66,475.93,7750.0,9.47
866,2020-06-08,557.48,542.12,563.03,536.66,8109.999999999999,2.83
867,2020-06-09,694.17,557.48,718.93,546.06,12560.0,24.52
868,2020-06-10,666.65,694.17,714.08,656.03,10990.0,-3.96
869,2020-06-11,602.74,666.65,746.51,591.98,11270.0,-9.59
870,2020-06-12,591.9,602.74,619.67,581.59,7210.0,-1.80
871,2020-06-13,551.31,591.9,597.45,506.92,8100.0,-6.86
872,2020-06-14,510.87,551.31,551.31,492.55,5280.0,-7.34
873,2020-06-15,550.32,510.87,559.52,444.23,12380.0,7.72
874,2020-06-16,539.81,549.93,593.1,525.95,9680.0,-1.91
875,2020-06-17,540.32,539.81,568.95,529.29,5250.0,0.09
876,2020-06-18,525.37,540.32,544.45,515.6,3780.0,-2.77
877,2020-06-19,515.06,525.37,534.56,512.22,4400.0,-1.96
878,2020-06-20,519.99,515.06,525.65,511.22,3210.0,0.96
879,2020-06-21,511.22,519.99,524.27,509.52,3630.0,-1.69
880,2020-06-22,523.32,511.22,523.81,499.32,6000.0,2.37
881,2020-06-23,504.05,523.32,523.91,494.81,5340.0,-3.68
882,2020-06-24,484.19,504.05,505.18,470.17,4590.0,-3.94
883,2020-06-25,462.82,484.19,484.19,460.34,4920.0,-4.41
884,2020-06-26,455.22,462.82,468.7,454.52,3790.0,-1.64
885,2020-06-27,439.7,455.22,479.97,433.17,5340.0,-3.41
886,2020-06-28,448.73,439.7,455.59,431.73,2990.0,2.05
887,2020-06-29,453.25,448.73,459.26,442.29,2910.0,1.01
888,2020-06-30,456.53,453.25,462.81,440.13,3990.0,0.72
889,2020-07-01,445.37,456.53,464.41,440.89,2520.0,-2.45
890,2020-07-02,440.02,445.37,459.51,430.41,2680.0,-1.20
891,2020-07-03,444.42,440.02,450.61,435.76,3160.0,1.00
892,2020-07-04,486.09,444.42,501.47,444.42,7570.0,9.38
893,2020-07-05,469.57,485.89,492.24,455.56,6310.0,-3.40
894,2020-07-06,466.9,469.57,489.49,458.94,4420.0,-0.57
895,2020-07-07,459.36,466.9,472.25,455.22,2670.0,-1.61
896,2020-07-08,459.7,459.36,469.12,449.94,3540.0,0.07
897,2020-07-09,452.5,459.7,459.7,450.53,2780.0,-1.57
898,2020-07-10,452.29,452.5,454.78,448.0,1850.0,-0.05
899,2020-07-11,472.16,451.61,473.24,450.91,3230.0,4.39
900,2020-07-12,460.53,472.16,476.8,456.63,2970.0,-2.46
901,2020-07-13,448.73,460.53,467.27,446.68,3780.0,-2.56
902,2020-07-14,463.68,448.73,465.41,446.84,2200.0,3.33
903,2020-07-15,458.19,463.68,464.37,457.0,2200.0,-1.18
904,2020-07-16,443.15,458.19,458.19,441.03,2180.0,-3.28
905,2020-07-17,449.48,443.15,452.53,440.52,2780.0,1.43
906,2020-07-18,454.49,449.48,457.46,443.37,1930.0,1.11
907,2020-07-19,465.75,454.49,470.41,449.02,3300.0,2.48
908,2020-07-20,451.03,465.75,466.21,450.53,2230.0,-3.16
909,2020-07-21,457.3,451.03,459.18,448.81,2920.0,1.39
910,2020-07-22,486.6,457.3,501.22,456.48,5950.0,6.41
911,2020-07-23,529.37,486.6,644.72,485.03,16580.0,8.79
912,2020-07-24,515.47,529.37,551.31,504.33,8750.0,-2.62
913,2020-07-25,524.59,515.47,537.14,499.03,6980.0,1.77
914,2020-07-26,519.21,524.59,552.71,512.63,5620.0,-1.03
915,2020-07-27,511.1,519.21,531.81,501.44,4540.0,-1.56
916,2020-07-28,517.14,511.1,519.61,494.41,3420.0,1.18
917,2020-07-29,545.46,544.33,549.89,544.1,4250.0,5.48
918,2020-07-30,572.97,545.46,578.96,534.74,6040.0,5.04
919,2020-07-31,555.74,572.97,575.42,552.39,4370.0,-3.01
920,2020-08-01,594.35,555.74,599.37,551.58,5830.0,6.95
921,2020-08-02,565.8,594.35,627.37,554.33,4670.0,-4.80
922,2020-08-03,592.72,565.8,607.87,565.61,2530.0,4.76
923,2020-08-04,584.05,592.72,612.25,575.9,3220.0,-1.46
924,2020-08-05,592.57,584.05,599.57,582.9,1980.0,1.46
925,2020-08-06,586.3,592.57,593.92,578.11,2470.0,-1.06
926,2020-08-07,579.38,586.3,592.62,561.74,2710.0,-1.18
927,2020-08-08,581.89,579.38,586.49,575.0,1720.0,0.43
928,2020-08-09,596.28,581.89,598.06,580.02,3170.0,2.47
929,2020-08-10,621.65,596.28,633.97,596.28,4830.0,4.25
930,2020-08-11,599.64,621.65,626.8,581.8,3810.0,-3.54
931,2020-08-12,723.37,599.64,828.96,599.6,9760.0,20.63
932,2020-08-13,788.64,723.37,848.81,720.92,8070.0,9.02
933,2020-08-14,728.33,788.64,812.36,717.9,4500.0,-7.65
934,2020-08-15,693.36,728.33,730.91,683.15,2850.0,-4.80
935,2020-08-16,694.17,693.36,704.61,682.93,1780.0,0.12
936,2020-08-17,685.31,694.17,728.23,676.24,2080.0,-1.28
937,2020-08-18,674.4,685.31,692.99,647.07,1850.0,-1.59
938,2020-08-19,649.32,674.4,682.33,630.29,1650.0,-3.72
939,2020-08-20,661.7,649.32,697.32,648.51,1900.0,1.91
940,2020-08-21,602.12,661.7,671.71,602.12,2230.0,-9.00
941,2020-08-22,641.6,602.12,649.87,595.93,2100.0,6.56
942,2020-08-23,639.21,641.6,648.34,623.23,710.0,-0.37
943,2020-08-24,677.6,639.21,697.1,636.04,2300.0,6.01
944,2020-08-25,639.26,677.6,677.7,611.62,14460.0,-5.66
945,2020-08-26,641.28,639.26,653.91,629.92,14100.0,0.32
946,2020-08-27,617.4,641.28,644.55,612.32,8680.0,-3.72
947,2020-08-28,636.79,617.4,636.79,611.11,6840.0,3.14
948,2020-08-29,630.71,636.79,644.28,629.7,6630.0,-0.95
949,2020-08-30,676.71,630.71,685.04,629.81,9560.0,7.29
950,2020-08-31,681.66,676.71,687.02,656.97,6140.0,0.73
951,2020-09-01,717.7,681.66,744.69,672.75,8550.0,5.29
952,2020-09-02,662.6,717.7,718.38,634.21,7830.0,-7.68
953,2020-09-03,561.52,662.6,665.89,560.64,9190.0,-15.26
954,2020-09-04,586.71,561.52,603.65,555.11,8740.0,4.49
955,2020-09-05,513.67,586.71,598.87,500.72,9720.0,-12.45
956,2020-09-06,545.26,513.67,547.54,481.94,8570.0,6.15
957,2020-09-07,528.1,545.26,550.35,502.51,6530.0,-3.15
958,2020-09-08,507.95,528.1,529.89,501.17,4019.9999999999995,-3.82
959,2020-09-09,522.37,507.95,534.24,501.27,2920.0,2.84
960,2020-09-10,532.88,522.37,557.12,522.37,2160.0,2.01
961,2020-09-11,524.42,532.88,538.41,508.02,3000.0,-1.59
962,2020-09-12,513.8,524.42,530.94,499.73,4220.0,-2.02
963,2020-09-13,497.69,513.8,514.98,483.31,4190.0,-3.14
964,2020-09-14,485.89,497.69,516.06,475.2,4800.0,-2.37
965,2020-09-15,454.32,485.89,500.66,452.94,3910.0,-6.50
966,2020-09-16,474.15,454.32,477.88,439.55,3650.0,4.36
967,2020-09-17,502.79,474.15,527.24,468.6,7070.0,6.04
968,2020-09-18,499.49,502.79,505.75,480.06,3210.0,-0.66
969,2020-09-19,512.95,499.49,532.64,493.27,3100.0,2.69
970,2020-09-20,475.4,512.95,514.89,465.89,2710.0,-7.32
971,2020-09-21,453.28,475.4,487.78,433.47,5410.0,-4.65
972,2020-09-22,461.71,453.28,466.04,440.41,2500.0,1.86
973,2020-09-23,435.96,461.71,467.88,433.58,3280.0,-5.58
974,2020-09-24,485.23,436.06,486.98,431.54,2730.0,11.30
975,2020-09-25,503.92,485.23,515.19,475.53,2720.0,3.85
976,2020-09-26,524.8,504.21,526.59,500.09,1980.0,4.14
977,2020-09-27,502.27,524.8,527.09,490.14,2180.0,-4.29
978,2020-09-28,512.44,502.27,549.06,502.27,3350.0,2.02
979,2020-09-29,526.49,512.44,537.57,503.99,2900.0,2.74
980,2020-09-30,570.81,526.49,576.68,505.08,4320.0,8.42
981,2020-10-01,576.54,570.81,599.87,553.68,4059.9999999999995,1.00
982,2020-10-02,552.29,576.73,576.93,530.29,5120.0,-4.21
983,2020-10-03,557.49,552.29,583.78,547.72,2560.0,0.94
984,2020-10-04,569.09,557.49,571.28,550.9,1480.0,2.08
985,2020-10-05,564.19,569.09,574.79,543.84,1940.0,-0.86
986,2020-10-06,520.88,564.19,566.88,513.34,3260.0,-7.68
987,2020-10-07,523.41,520.88,531.03,501.72,4490.0,0.49
988,2020-10-08,534.27,523.41,537.05,498.92,2840.0,2.08
989,2020-10-09,567.87,534.27,570.35,524.93,3150.0,6.29
990,2020-10-10,586.86,567.87,613.52,566.98,3000.0,3.34
991,2020-10-11,587.38,587.06,596.82,576.67,1290.0,0.09
992,2020-10-12,586.82,587.38,597.65,571.62,1160.0,-0.09
993,2020-10-13,573.83,586.82,595.69,561.66,1050.0,-2.21
994,2020-10-14,575.59,573.83,598.01,559.29,1250.0,0.31
995,2020-10-15,557.46,575.59,575.59,549.14,1280.0,-3.15
996,2020-10-16,543.15,557.62,558.73,531.86,2110.0,-2.57
997,2020-10-17,554.18,543.01,559.85,534.58,820.0,2.03
998,2020-10-18,574.59,554.18,575.74,551.87,670.0,3.68
999,2020-10-19,569.22,574.59,582.74,563.44,1070.0,-0.93
1000,2020-10-20,548.96,569.22,570.75,547.58,1340.0,-3.56
1001,2020-10-21,563.63,548.96,574.64,548.65,1470.0,2.67
1002,2020-10-22,591.55,563.63,597.79,563.53,1560.0,4.95
1003,2020-10-23,593.02,591.53,604.3,576.59,1440.0,0.25
1004,2020-10-24,596.98,593.02,604.81,585.56,770.0,0.67
1005,2020-10-25,584.08,596.98,598.61,580.55,950.0,-2.16
1006,2020-10-26,567.74,584.08,606.49,558.1,2009.9999999999998,-2.80
1007,2020-10-27,578.77,567.74,590.78,564.54,1990.0,1.94
1008,2020-10-28,539.3,578.77,591.57,530.12,3090.0,-6.82
1009,2020-10-29,530.58,539.3,546.41,514.62,1760.0,-1.62
1010,2020-10-30,514.87,530.58,534.57,509.3,2790.0,-2.96
1011,2020-10-31,517.91,514.87,528.14,509.11,1100.0,0.59
1012,2020-11-01,535.59,517.91,536.79,515.96,980.0,3.41
1013,2020-11-02,516.63,535.59,552.32,514.64,1680.0,-3.54
1014,2020-11-03,517.91,516.62,519.66,497.75,2260.0,0.25
1015,2020-11-04,516.93,517.91,523.79,499.04,1470.0,-0.19
1016,2020-11-05,527.41,516.93,545.22,513.71,2610.0,2.03
1017,2020-11-06,539.62,527.47,543.49,520.4,5070.0,2.32
1018,2020-11-07,521.62,539.62,558.3,508.52,4420.0,-3.34
1019,2020-11-08,534.59,520.83,538.87,512.74,2040.0,2.49
1020,2020-11-09,522.33,534.59,538.91,515.13,1810.0,-2.29
1021,2020-11-10,546.77,522.33,553.2,519.66,1650.0,4.68
1022,2020-11-11,541.92,546.77,562.64,536.85,1920.0,-0.89
1023,2020-11-12,528.52,541.92,547.0,523.52,1400.0,-2.47
1024,2020-11-13,548.32,528.52,550.2,528.43,1200.0,3.75
1025,2020-11-14,523.85,548.32,549.9,518.27,2020.0,-4.46
1026,2020-11-15,512.35,523.85,530.15,497.68,3410.0,-2.20
1027,2020-11-16,518.36,512.35,526.44,506.13,1910.0,1.17
1028,2020-11-17,523.08,518.36,525.19,509.28,2450.0,0.91
1029,2020-11-18,507.21,523.04,535.21,505.34,4090.0,-3.03
1030,2020-11-19,508.32,507.21,526.1,500.29,3600.0,0.22
1031,2020-11-20,515.86,508.41,526.7,507.82,3630.0,1.48
1032,2020-11-21,547.84,515.86,551.8,515.57,3240.0,6.20
1033,2020-11-22,561.61,548.29,584.22,513.18,5090.0,2.51
1034,2020-11-23,600.15,561.8,606.86,548.31,3360.0,6.86
1035,2020-11-24,601.95,600.2,618.34,578.99,3560.0,0.30
1036,2020-11-25,562.42,601.95,614.96,552.41,2800.0,-6.57
1037,2020-11-26,526.76,562.42,574.37,493.02,7090.0,-6.34
1038,2020-11-27,513.51,526.74,541.76,508.94,3670.0,-2.52
1039,2020-11-28,529.64,513.51,534.71,510.29,2080.0,3.14
1040,2020-11-29,545.91,529.64,547.4,522.49,1630.0,3.07
1041,2020-11-30,568.38,545.91,581.03,535.56,2380.0,4.12
1042,2020-12-01,529.03,568.38,570.07,521.91,3140.0,-6.92
1043,2020-12-02,560.59,528.03,564.07,522.73,2160.0,5.97
1044,2020-12-03,591.0,560.59,598.33,559.45,2050.0,5.43
1045,2020-12-04,525.12,591.12,598.79,522.67,5980.0,-11.15
1046,2020-12-05,534.14,524.99,537.9,520.23,6240.0,1.72
1047,2020-12-06,529.1,534.14,539.52,510.59,4860.0,-0.94
1048,2020-12-07,518.83,529.1,530.06,511.23,3350.0,-1.94
1049,2020-12-08,502.13,518.57,524.41,493.84,3720.0,-3.22
1050,2020-12-09,505.82,502.23,509.09,473.88,6690.0,0.73
1051,2020-12-10,521.92,505.82,529.48,490.62,3480.0,3.18
1052,2020-12-11,503.85,521.92,522.73,501.02,2940.0,-3.46
1053,2020-12-12,513.58,503.82,524.96,502.9,2210.0,1.93
1054,2020-12-13,526.44,513.58,532.14,511.28,1200.0,2.50
1055,2020-12-14,539.33,526.44,539.68,520.63,1960.0,2.45
1056,2020-12-15,529.14,539.33,544.95,525.0,1550.0,-1.89
1057,2020-12-16,538.78,529.14,539.83,514.13,4300.0,1.82
1058,2020-12-17,539.18,538.79,564.76,531.57,4350.0,0.07
1059,2020-12-18,569.15,539.18,578.29,531.18,4410.0,5.56
1060,2020-12-19,566.38,569.13,580.88,563.55,3000.0,-0.49
1061,2020-12-20,546.22,566.38,569.79,541.98,1600.0,-3.56
1062,2020-12-21,524.7,546.22,554.22,511.35,2760.0,-3.94
1063,2020-12-22,549.29,524.13,549.46,518.33,2400.0,4.69
1064,2020-12-23,517.81,549.29,552.32,486.7,3360.0,-5.73
1065,2020-12-24,526.65,517.81,527.84,495.25,2730.0,1.71
1066,2020-12-25,536.26,526.65,573.23,519.31,6600.0,1.82
1067,2020-12-26,544.76,536.26,551.33,522.98,2490.0,1.59
1068,2020-12-27,571.16,544.91,577.17,532.17,4690.0,4.85
1069,2020-12-28,585.24,571.16,599.99,561.39,3790.0,2.47
1070,2020-12-29,565.62,585.24,594.45,545.96,4100.0,-3.35
1071,2020-12-30,576.93,565.62,584.49,551.56,2890.0,2.00
1072,2020-12-31,585.48,576.93,590.42,560.18,2060.0,1.48
1073,2021-01-01,581.02,585.48,599.54,572.98,4240.0,-0.76
1074,2021-01-02,608.99,580.67,615.79,568.11,5350.0,4.81
1075,2021-01-03,675.78,609.01,698.87,607.89,10400.0,10.97
1076,2021-01-04,686.92,675.78,751.78,626.43,7150.0,1.65
1077,2021-01-05,764.33,686.97,777.78,653.95,6420.0,11.27
1078,2021-01-06,1038.87,764.14,1244.9,743.02,27580.0,35.92
1079,2021-01-07,1059.18,1038.87,1187.74,1006.78,15930.0,1.96
1080,2021-01-08,1039.46,1059.18,1125.19,950.89,6000.0,-1.86
1081,2021-01-09,1592.18,1039.46,1592.18,1026.58,18400.0,53.17
1082,2021-01-10,1506.42,1593.38,1974.92,1426.28,28540.0,-5.39
1083,2021-01-11,1403.75,1506.42,1506.42,1079.64,19720.0,-6.82
1084,2021-01-12,1483.65,1407.95,1634.21,1316.32,14690.0,5.69
1085,2021-01-13,1548.98,1483.65,1578.26,1384.35,8890.0,4.40
1086,2021-01-14,1603.18,1548.14,1706.65,1477.81,8210.0,3.50
1087,2021-01-15,1479.1,1605.98,1641.61,1341.38,7720.0,-7.74
1088,2021-01-16,1485.13,1479.1,1618.39,1451.72,5590.0,0.41
1089,2021-01-17,1448.27,1485.13,1512.92,1423.58,4200.0,-2.48
1090,2021-01-18,1422.28,1448.27,1460.54,1374.86,3350.0,-1.79
1091,2021-01-19,1408.3,1423.99,1530.32,1401.15,4850.0,-0.98
1092,2021-01-20,1416.74,1407.86,1441.49,1269.63,5040.0,0.60
1093,2021-01-21,1153.13,1416.74,1420.19,1129.44,5100.0,-18.61
1094,2021-01-22,1410.03,1152.95,1442.38,1067.92,6730.0,22.28
1095,2021-01-23,1381.12,1407.7,1466.37,1353.29,3570.0,-2.05
1096,2021-01-24,1457.19,1381.12,1468.7,1366.23,3520.0,5.51
1097,2021-01-25,1365.66,1457.04,1538.1,1343.14,3710.0,-6.28
1098,2021-01-26,1475.44,1365.66,1475.52,1296.73,2960.0,8.04
1099,2021-01-27,1330.28,1476.02,1476.48,1281.68,3610.0,-9.84
1100,2021-01-28,1393.82,1330.28,1448.51,1303.81,3320.0,4.78
1101,2021-01-29,1403.79,1399.06,1461.06,1360.93,4860.0,0.71
1102,2021-01-30,1581.67,1405.11,1628.98,1391.9,9080.0,12.67
1103,2021-01-31,1482.53,1581.67,1605.38,1406.38,5930.0,-6.27
1104,2021-02-01,1469.84,1482.7,1514.01,1421.4,2860.0,-0.86
1105,2021-02-02,1702.13,1469.84,1771.91,1468.61,8490.0,15.80
1106,2021-02-03,1753.98,1702.13,1765.41,1637.06,5220.0,3.05
1107,2021-02-04,2102.7,1754.01,2355.53,1653.17,15000.0,19.88
1108,2021-02-05,2679.71,2102.7,3083.97,2102.7,25100.0,27.44
1109,2021-02-06,2510.89,2679.36,2818.33,2271.1,12740.0,-6.30
1110,2021-02-07,2470.97,2514.45,2650.6,2241.74,7830.0,-1.59
1111,2021-02-08,2493.45,2470.97,2718.04,2407.69,7940.0,0.91
1112,2021-02-09,2559.88,2493.45,2628.97,2441.69,6010.0,2.66
1113,2021-02-10,2525.2,2559.88,2704.55,2302.39,7040.0,-1.35
1114,2021-02-11,2540.82,2526.88,2618.75,2446.66,5780.0,0.62
1115,2021-02-12,2738.87,2540.82,2832.46,2509.77,8160.0,7.79
1116,2021-02-13,2594.09,2738.87,2789.26,2521.95,5130.0,-5.29
1117,2021-02-14,2515.3,2594.09,2659.29,2477.83,3360.0,-3.04
1118,2021-02-15,2464.72,2513.64,2598.45,2215.79,4140.0,-2.01
1119,2021-02-16,2485.77,2465.05,2586.52,2419.02,2530.0,0.85
1120,2021-02-17,2608.18,2486.47,2616.76,2372.21,2680.0,4.92
1121,2021-02-18,2624.44,2608.16,2693.78,2549.58,3210.0,0.62
1122,2021-02-19,2565.38,2626.27,2668.59,2517.14,2930.0,-2.25
1123,2021-02-20,2602.31,2565.38,3048.3,2499.29,8790.0,1.44
1124,2021-02-21,2616.22,2602.31,2733.4,2547.03,3700.0,0.53
1125,2021-02-22,2376.42,2616.29,2619.14,2034.65,5220.0,-9.17
1126,2021-02-23,2230.9,2376.42,2384.59,1778.2,8580.0,-6.12
1127,2021-02-24,2231.53,2237.49,2415.27,2157.57,3240.0,0.03
1128,2021-02-25,2023.71,2231.53,2319.95,2021.05,2780.0,-9.31
1129,2021-02-26,1947.08,2023.71,2124.7,1885.52,2350.0,-3.79
1130,2021-02-27,1970.67,1947.09,2076.24,1943.05,1760.0,1.21
1131,2021-02-28,2033.84,1970.67,2060.84,1787.72,2290.0,3.21
1132,2021-03-01,2169.19,2033.84,2252.16,2023.92,2640.0,6.65
1133,2021-03-02,2160.69,2169.19,2286.11,2095.27,1820.0,-0.39
1134,2021-03-03,2199.11,2160.37,2356.89,2151.46,1750.0,1.78
1135,2021-03-04,2195.02,2199.11,2234.18,2050.86,2140.0,-0.19
1136,2021-03-05,2059.01,2196.65,2196.65,2041.05,1360.0,-6.20
1137,2021-03-06,2246.7,2059.78,2313.8,2045.27,3370.0,9.12
1138,2021-03-07,2252.0,2246.7,2259.19,2163.53,1580.0,0.24
1139,2021-03-08,2192.53,2252.0,2263.66,2063.59,6230.0,-2.64
1140,2021-03-09,2260.64,2192.53,2271.53,2141.4,2750.0,3.11
1141,2021-03-10,2257.28,2260.64,2329.32,2170.16,2710.0,-0.15
1142,2021-03-11,2226.22,2257.28,2286.5,2116.91,2840.0,-1.38
1143,2021-03-12,2134.19,2227.29,2291.51,2094.86,2330.0,-4.13
1144,2021-03-13,2170.85,2134.19,2230.1,2082.94,2370.0,1.72
1145,2021-03-14,2050.21,2170.76,2203.17,2050.04,2170.0,-5.56
1146,2021-03-15,1998.28,2050.12,2117.75,1938.81,2680.0,-2.53
1147,2021-03-16,2069.99,1998.28,2108.81,1932.76,2000.0,3.59
1148,2021-03-17,2114.54,2069.99,2171.29,2026.17,1620.0,2.15
1149,2021-03-18,2113.05,2114.14,2193.87,2103.52,2060.0,-0.07
1150,2021-03-19,2095.19,2117.34,2133.26,2066.28,1730.0,-0.85
1151,2021-03-20,2134.43,2095.94,2259.72,2092.49,3500.0,1.87
1152,2021-03-21,2097.13,2137.0,2160.63,2066.62,1950.0,-1.75
1153,2021-03-22,1964.26,2097.13,2114.53,1951.68,2290.0,-6.34
1154,2021-03-23,2009.68,1964.25,2030.64,1906.25,2120.0,2.31
1155,2021-03-24,1816.16,2009.64,2071.78,1762.19,2800.0,-9.63
1156,2021-03-25,1881.69,1816.16,1929.23,1784.81,4430.0,3.61
1157,2021-03-26,1983.99,1881.69,1996.54,1880.85,2080.0,5.44
1158,2021-03-27,2140.86,1983.99,2227.55,1954.0,5720.0,7.91
1159,2021-03-28,2058.31,2139.97,2145.81,2018.27,2500.0,-3.86
1160,2021-03-29,2096.95,2058.31,2142.3,2033.36,1500.0,1.88
1161,2021-03-30,2088.23,2097.01,2164.85,2080.42,1410.0,-0.42
1162,2021-03-31,2109.94,2087.81,2139.73,2023.06,1580.0,1.04
1163,2021-04-01,2288.99,2109.94,2374.21,2106.25,5050.0,8.49
1164,2021-04-02,2477.65,2289.35,2585.29,2272.29,5480.0,8.24
1165,2021-04-03,2237.03,2477.65,2572.17,2217.12,3830.0,-9.71
1166,2021-04-04,2302.74,2237.05,2343.95,2218.82,2370.0,2.94
1167,2021-04-05,2327.39,2302.74,2365.89,2195.33,2480.0,1.07
1168,2021-04-06,2290.12,2327.91,2348.43,2188.82,2940.0,-1.60
1169,2021-04-07,2102.78,2291.74,2342.54,2020.13,4570.0,-8.18
1170,2021-04-08,2208.66,2105.41,2234.47,2074.46,2510.0,5.04
1171,2021-04-09,2222.68,2208.66,2280.43,2172.71,3400.0,0.64
1172,2021-04-10,2231.12,2222.68,2365.34,2177.93,4040.0,0.38
1173,2021-04-11,2277.62,2231.12,2303.5,2180.41,2220.0,2.08
1174,2021-04-12,2695.84,2277.54,2700.16,2274.8,8150.0,18.36
1175,2021-04-13,2570.7,2696.95,2745.88,2437.25,6080.0,-4.64
1176,2021-04-14,2674.25,2570.88,2680.65,2489.82,4720.0,4.03
1177,2021-04-15,3763.21,2674.25,4050.01,2670.52,27020.0,40.72
1178,2021-04-16,3371.2,3763.15,3826.26,3213.68,12070.0,-10.42
1179,2021-04-17,3310.13,3370.68,3633.87,3292.37,5210.0,-1.81
1180,2021-04-18,3236.56,3310.13,3327.37,2768.7,5200.0,-2.22
1181,2021-04-19,3516.14,3240.11,3850.82,3160.02,9010.0,8.64
1182,2021-04-20,3452.31,3516.14,3658.65,3175.29,6400.0,-1.82
1183,2021-04-21,4035.44,3456.98,4255.27,3375.96,11510.0,16.89
1184,2021-04-22,4021.72,4035.44,4957.53,3831.32,30310.0,-0.34
1185,2021-04-23,4053.87,4021.39,4568.37,3313.64,25400.0,0.80
1186,2021-04-24,4005.08,4053.94,4158.07,3608.29,7630.0,-1.20
1187,2021-04-25,3821.28,4005.08,4122.95,3577.55,7590.0,-4.59
1188,2021-04-26,4015.73,3821.28,4143.36,3746.47,5660.0,5.09
1189,2021-04-27,4555.64,4015.73,4595.45,4001.12,6470.0,13.44
1190,2021-04-28,4409.24,4548.43,4650.45,4140.5,4530.0,-3.21
1191,2021-04-29,4257.29,4405.04,4405.89,4070.97,5720.0,-3.45
1192,2021-04-30,4354.74,4257.29,4359.74,4081.58,4320.0,2.29
1193,2021-05-01,4785.74,4357.09,4995.35,4295.76,7760.0,9.90
1194,2021-05-02,4904.84,4785.74,5097.16,4525.02,6680.0,2.49
1195,2021-05-03,5985.48,4904.84,6334.84,4904.84,16840.0,22.03
1196,2021-05-04,5341.52,5995.45,6008.82,5167.44,17210.0,-10.76
1197,2021-05-05,5404.5,5262.25,5497.59,5114.85,9270.0,1.18
1198,2021-05-06,5052.67,5413.21,5434.66,4894.8,7430.0,-6.51
1199,2021-05-07,5087.58,5052.67,5356.86,4869.45,4760.0,0.69
1200,2021-05-08,5633.74,5087.58,5844.87,5007.88,8109.999999999999,10.74
1201,2021-05-09,5273.14,5633.74,5678.59,5051.94,4059.9999999999995,-6.40
1202,2021-05-10,4988.03,5273.14,5443.7,4703.36,4800.0,-5.41
1203,2021-05-11,5373.01,4988.03,5406.66,4738.12,4280.0,7.72
1204,2021-05-12,4919.98,5366.66,6091.29,4853.26,10820.0,-8.43
1205,2021-05-13,4754.79,4919.98,5304.63,4450.87,12140.0,-3.36
1206,2021-05-14,5006.78,4754.79,5348.37,4719.02,5490.0,5.30
1207,2021-05-15,4595.81,5006.78,5128.7,4584.37,5590.0,-8.21
1208,2021-05-16,4549.45,4595.81,4916.1,4205.22,5810.0,-1.01
1209,2021-05-17,4258.3,4549.45,4780.83,4135.17,7910.0,-6.40
1210,2021-05-18,4649.58,4258.3,5029.46,4203.37,7160.0,9.19
1211,2021-05-19,3487.81,4649.58,4734.73,2610.08,17400.0,-24.99
1212,2021-05-20,3933.35,3487.81,4208.44,3049.26,11340.0,12.77
1213,2021-05-21,3113.18,3933.35,4174.41,2715.08,9470.0,-20.85
1214,2021-05-22,2764.67,3113.24,3209.98,2546.25,11250.0,-11.19
1215,2021-05-23,2723.39,2764.67,2879.03,1835.38,19210.0,-1.49
1216,2021-05-24,4159.5,2723.3,4239.96,2723.17,27720.0,52.73
1217,2021-05-25,3860.52,4159.5,4329.92,3298.36,13450.0,-7.19
1218,2021-05-26,3963.79,3859.77,4032.47,3669.65,7170.0,2.68
1219,2021-05-27,3701.05,3963.04,3963.04,3577.84,5110.0,-6.63
1220,2021-05-28,3247.9,3701.05,3777.14,3123.29,5660.0,-12.24
1221,2021-05-29,3057.62,3247.9,3442.4,2869.7,4710.0,-5.86
1222,2021-05-30,3306.99,3057.62,3445.88,2848.45,4510.0,8.16
1223,2021-05-31,3597.04,3306.39,3609.12,3166.27,4000.0,8.77
1224,2021-06-01,3594.59,3597.04,3697.01,3483.59,4230.0,-0.07
1225,2021-06-02,3561.02,3594.59,3723.62,3509.73,2920.0,-0.93
1226,2021-06-03,3657.98,3561.71,3716.86,3534.78,3430.0,2.72
1227,2021-06-04,3728.09,3657.98,3966.26,3446.06,9070.0,1.92
1228,2021-06-05,3561.13,3728.09,3912.44,3418.93,4280.0,-4.48
1229,2021-06-06,3616.76,3561.13,3639.7,3517.05,1700.0,1.56
1230,2021-06-07,3308.41,3613.9,3807.21,3280.72,3570.0,-8.53
1231,2021-06-08,3245.0,3307.96,3365.57,2891.16,5690.0,-1.92
1232,2021-06-09,3328.67,3245.0,3341.46,3037.35,3530.0,2.58
1233,2021-06-10,3109.91,3329.08,3338.67,3047.01,2260.0,-6.57
1234,2021-06-11,2925.85,3111.79,3144.68,2877.49,1830.0,-5.92
1235,2021-06-12,2933.89,2925.85,3053.24,2777.51,1720.0,0.27
1236,2021-06-13,3144.76,2934.92,3187.84,2864.97,1500.0,7.19
1237,2021-06-14,3197.94,3144.78,3265.95,3088.67,1700.0,1.69
1238,2021-06-15,3154.09,3197.69,3275.34,3104.54,1480.0,-1.37
1239,2021-06-16,2945.65,3154.09,3154.09,2923.87,1650.0,-6.61
1240,2021-06-17,2907.83,2945.65,3067.18,2851.85,1590.0,-1.28
1241,2021-06-18,2685.53,2907.83,2910.16,2572.08,2610.0,-7.64
1242,2021-06-19,2581.81,2685.63,2712.97,2577.48,1730.0,-3.86
1243,2021-06-20,2701.93,2581.81,2743.37,2444.48,1750.0,4.65
1244,2021-06-21,2102.67,2701.93,2725.88,2075.59,3980.0,-22.18
1245,2021-06-22,2261.5,2102.67,2394.9,1925.39,7010.0,7.55
1246,2021-06-23,2314.12,2264.43,2474.73,2218.11,4140.0,2.33
1247,2021-06-24,2238.83,2314.12,2328.02,2068.07,4840.0,-3.25
1248,2021-06-25,1972.18,2239.72,2274.38,1959.42,4260.0,-11.91
1249,2021-06-26,2007.58,1972.18,2042.66,1896.23,3450.0,1.79
1250,2021-06-27,2128.74,2007.58,2132.78,1957.78,2460.0,6.04
1251,2021-06-28,2212.36,2128.99,2288.59,2084.6,3450.0,3.93
1252,2021-06-29,2413.33,2212.36,2493.96,2206.76,3710.0,9.08
1253,2021-06-30,2676.53,2413.33,2676.53,2270.87,3860.0,10.91
1254,2021-07-01,2505.21,2676.53,2856.97,2482.46,8200.0,-6.40
1255,2021-07-02,2581.97,2506.63,2592.9,2411.83,3030.0,3.06
1256,2021-07-03,2643.22,2581.97,2687.3,2525.98,2250.0,2.37
1257,2021-07-04,2800.97,2643.22,2904.01,2642.68,3000.0,5.97
1258,2021-07-05,2752.85,2800.97,2820.09,2635.19,3350.0,-1.72
1259,2021-07-06,2746.23,2748.41,3101.34,2725.71,6750.0,-0.24
1260,2021-07-07,2864.53,2746.23,2940.21,2734.45,5430.0,4.31
1261,2021-07-08,2660.58,2864.53,2868.88,2597.36,3970.0,-7.12
1262,2021-07-09,2705.97,2660.58,2820.07,2559.53,3270.0,1.71
1263,2021-07-10,2672.95,2706.49,2774.78,2608.27,1670.0,-1.22
1264,2021-07-11,2666.97,2674.82,2718.18,2614.96,1690.0,-0.22
1265,2021-07-12,2603.69,2667.5,2735.21,2570.43,2310.0,-2.37
1266,2021-07-13,2523.93,2603.69,2641.64,2504.45,1780.0,-3.06
1267,2021-07-14,2514.43,2524.5,2577.46,2402.53,2110.0,-0.38
1268,2021-07-15,2563.62,2514.38,2629.3,2451.88,5580.0,1.96
1269,2021-07-16,2418.72,2563.62,2611.64,2410.09,2700.0,-5.65
1270,2021-07-17,2422.67,2418.72,2461.52,2380.53,1750.0,0.16
1271,2021-07-18,2470.47,2422.67,2545.21,2407.79,1580.0,1.97
1272,2021-07-19,2289.45,2467.61,2478.14,2276.65,2120.0,-7.33
1273,2021-07-20,2186.8,2289.45,2327.14,2117.12,2260.0,-4.48
1274,2021-07-21,2438.24,2186.71,2481.45,2151.59,3330.0,11.50
1275,2021-07-22,2438.02,2438.24,2474.44,2383.19,2300.0,-0.01
1276,2021-07-23,2512.44,2438.02,2534.71,2401.63,2480.0,3.05
1277,2021-07-24,2542.65,2511.66,2554.79,2494.23,2160.0,1.20
1278,2021-07-25,2570.17,2509.12,2593.7,2461.08,1730.0,1.08
1279,2021-07-26,2595.75,2570.17,2842.06,2550.66,4200.0,1.00
1280,2021-07-27,2689.78,2594.53,2723.45,2507.15,2110.0,3.62
1281,2021-07-28,2652.87,2689.78,2724.52,2616.02,1720.0,-1.37
1282,2021-07-29,2898.43,2652.87,2898.43,2607.85,2590.0,9.26
1283,2021-07-30,2913.16,2898.08,2942.36,2767.56,2240.0,0.51
1284,2021-07-31,2974.33,2912.25,3011.11,2859.76,1720.0,2.10
1285,2021-08-01,2889.22,2974.33,3088.34,2889.22,1910.0,-2.86
1286,2021-08-02,2916.74,2891.39,3028.2,2840.14,1960.0,0.95
1287,2021-08-03,2787.11,2916.42,2948.1,2738.99,1690.0,-4.44
1288,2021-08-04,2968.08,2789.33,2992.66,2744.61,2610.0,6.49
1289,2021-08-05,3285.52,2968.08,3288.96,2792.87,4790.0,10.70
1290,2021-08-06,3252.22,3287.97,3371.98,3112.77,3480.0,-1.01
1291,2021-08-07,3407.81,3257.41,3475.92,3226.11,2900.0,4.78
1292,2021-08-08,3233.77,3411.25,3448.81,3148.28,1770.0,-5.11
1293,2021-08-09,3363.0,3233.19,3379.39,3082.28,1860.0,4.00
1294,2021-08-10,3395.6,3360.06,3462.67,3264.85,2780.0,0.97
1295,2021-08-11,3371.72,3392.74,3527.9,3338.09,2410.0,-0.70
1296,2021-08-12,3246.39,3370.74,3422.88,3165.18,3010.0,-3.72
1297,2021-08-13,3712.33,3252.49,3713.5,3235.32,3430.0,14.35
1298,2021-08-14,3869.43,3712.33,3910.61,3559.24,3520.0,4.23
1299,2021-08-15,3802.66,3868.94,3882.02,3620.07,2290.0,-1.73
1300,2021-08-16,3575.5,3802.66,3887.12,3564.31,2490.0,-5.97
1301,2021-08-17,3451.04,3575.5,3778.77,3433.9,2430.0,-3.48
1302,2021-08-18,3515.73,3451.04,3636.93,3372.11,2180.0,1.87
1303,2021-08-19,3746.05,3515.51,3749.28,3445.95,2210.0,6.55
1304,2021-08-20,3814.53,3745.95,3857.56,3701.83,2090.0,1.83
1305,2021-08-21,3866.42,3814.73,3978.79,3701.37,3960.0,1.36
1306,2021-08-22,3802.95,3866.38,3886.79,3696.38,1570.0,-1.64
1307,2021-08-23,3877.06,3802.95,4010.16,3794.58,2140.0,1.95
1308,2021-08-24,3830.67,3877.35,3902.61,3808.43,2100.0,-1.20
