"Date","Price","Open","High","Low","Vol.","Change %"
"Aug 24, 2021","0.999694","0.999919","0.999929","0.999503","136.28M","-0.01%"
"Aug 23, 2021","0.999829","0.999323","0.999923","0.999043","153.78M","0.05%"
"Aug 22, 2021","0.999323","0.999218","0.999436","0.999017","83.12M","0.02%"
"Aug 21, 2021","0.999133","0.999891","0.999915","0.999064","99.71M","-0.08%"
"Aug 20, 2021","0.999891","0.999833","1.000186","0.999669","141.51M","0.01%"
"Aug 19, 2021","0.999830","0.999698","1.000165","0.999580","107.48M","0.01%"
"Aug 18, 2021","0.999698","1.000162","1.000180","0.999447","110.53M","-0.05%"
"Aug 17, 2021","1.000168","0.999669","1.000261","0.999215","161.30M","0.05%"
"Aug 16, 2021","0.999669","0.999140","0.999893","0.999050","127.94M","0.05%"
"Aug 15, 2021","0.999140","0.999096","0.999510","0.998987","98.01M","0.00%"
"Aug 14, 2021","0.999119","0.999304","0.999453","0.998948","104.04M","-0.02%"
"Aug 13, 2021","0.999308","0.999680","0.999687","0.999200","124.80M","-0.04%"
"Aug 12, 2021","0.999680","0.999443","0.999880","0.999315","157.51M","0.02%"
"Aug 11, 2021","0.999443","0.999677","0.999779","0.999213","166.08M","-0.02%"
"Aug 10, 2021","0.999678","0.999788","0.999881","0.999489","133.65M","-0.01%"
"Aug 09, 2021","0.999788","0.999485","0.999882","0.999046","155.17M","0.03%"
"Aug 08, 2021","0.999485","0.999291","0.999515","0.999050","125.55M","0.02%"
"Aug 07, 2021","0.999291","0.999490","0.999602","0.999126","169.93M","-0.02%"
"Aug 06, 2021","0.999540","0.999558","0.999890","0.999272","143.84M","-0.00%"
"Aug 05, 2021","0.999563","0.999992","1.000322","0.999338","128.81M","-0.04%"
"Aug 04, 2021","0.999989","0.999986","1.000281","0.999795","133.00M","0.00%"
"Aug 03, 2021","0.999989","1.000063","1.000286","0.999648","126.76M","-0.00%"
"Aug 02, 2021","1.000003","0.999870","1.000107","0.999579","102.20M","0.01%"
"Aug 01, 2021","0.999868","0.999398","0.999966","0.999235","109.07M","0.05%"
"Jul 31, 2021","0.999398","0.999514","0.999793","0.999291","100.46M","-0.01%"
"Jul 30, 2021","0.999511","0.999901","0.999985","0.999504","164.26M","-0.04%"
"Jul 29, 2021","0.999902","0.999797","1.000376","0.999668","208.04M","0.01%"
"Jul 28, 2021","0.999798","0.999902","0.999999","0.999604","234.35M","-0.01%"
"Jul 27, 2021","0.999902","0.999909","1.000380","0.999319","235.84M","-0.00%"
"Jul 26, 2021","0.999909","0.999422","1.000784","0.999172","364.95M","0.05%"
"Jul 25, 2021","0.999422","0.999964","0.999964","0.999313","58.72M","-0.02%"
"Jul 24, 2021","0.999604","0.999761","1.000006","0.999418","94.37M","-0.02%"
"Jul 23, 2021","0.999761","1.000088","1.000101","0.999411","126.50M","-0.03%"
"Jul 22, 2021","1.000087","1.000001","1.000277","0.999727","100.08M","0.02%"
"Jul 21, 2021","0.999911","0.999920","1.000209","0.999668","153.08M","-0.00%"
"Jul 20, 2021","0.999923","1.000292","1.000407","0.999878","159.57M","-0.04%"
"Jul 19, 2021","1.000291","0.999999","1.000780","0.999896","135.55M","0.03%"
"Jul 18, 2021","0.999999","0.999991","1.000184","0.999800","87.67M","0.00%"
"Jul 17, 2021","0.999991","0.999999","1.000102","0.999786","76.61M","-0.00%"
"Jul 16, 2021","0.999999","1.000261","1.000261","0.999702","111.47M","-0.03%"
"Jul 15, 2021","1.000261","0.999887","1.000480","0.999665","90.20M","0.04%"
"Jul 14, 2021","0.999885","1.000260","1.000374","0.999742","98.77M","-0.04%"
"Jul 13, 2021","1.000260","0.999994","1.000464","0.999799","101.64M","0.03%"
"Jul 12, 2021","0.999995","0.999986","1.000275","0.999704","111.86M","0.00%"
"Jul 11, 2021","0.999989","1.000064","1.000377","0.999866","58.15M","-0.01%"
"Jul 10, 2021","1.000064","1.000068","1.000297","0.999768","62.04M","-0.00%"
"Jul 09, 2021","1.000068","1.000058","1.000361","0.999654","91.29M","0.00%"
"Jul 08, 2021","1.000060","0.999682","1.000347","0.999612","111.43M","0.04%"
"Jul 07, 2021","0.999680","1.000054","1.000149","0.999276","129.35M","-0.04%"
"Jul 06, 2021","1.000054","0.999802","1.000253","0.999388","131.27M","0.03%"
"Jul 05, 2021","0.999802","1.000099","1.000193","0.999500","113.04M","-0.03%"
"Jul 04, 2021","1.000098","0.999896","1.000278","0.999764","70.40M","0.02%"
"Jul 03, 2021","0.999896","0.999972","1.000194","0.999693","82.28M","-0.01%"
"Jul 02, 2021","0.999972","0.999873","1.000367","0.999873","104.15M","0.00%"
"Jul 01, 2021","0.999966","0.999901","1.000464","0.999612","117.26M","0.02%"
"Jun 30, 2021","0.999807","0.999906","1.000187","0.999517","143.53M","-0.01%"
"Jun 29, 2021","0.999904","0.999905","1.000257","0.999246","176.72M","0.00%"
"Jun 28, 2021","0.999903","0.999860","1.000153","0.999395","131.74M","0.00%"
"Jun 27, 2021","0.999860","1.000126","1.000237","0.999446","94.06M","-0.03%"
"Jun 26, 2021","1.000126","0.999973","1.000385","0.999657","120.99M","0.02%"
"Jun 25, 2021","0.999973","1.000078","1.000482","0.999897","112.97M","-0.01%"
"Jun 24, 2021","1.000079","0.999820","1.000301","0.999624","105.63M","0.03%"
"Jun 23, 2021","0.999820","0.999794","1.000018","0.999264","147.99M","0.00%"
"Jun 22, 2021","0.999794","1.000027","1.000782","0.999626","274.32M","-0.03%"
"Jun 21, 2021","1.000119","1.000120","1.000700","0.999448","291.95M","-0.00%"
"Jun 20, 2021","1.000120","0.999733","1.000657","0.999185","132.30M","0.04%"
"Jun 19, 2021","0.999727","0.999702","0.999998","0.999027","121.06M","0.00%"
"Jun 18, 2021","0.999702","0.999990","1.000181","0.999211","113.94M","-0.03%"
"Jun 17, 2021","0.999986","1.000193","1.000375","0.999597","126.64M","-0.02%"
"Jun 16, 2021","1.000198","0.999986","1.000433","0.999654","130.72M","0.02%"
"Jun 15, 2021","0.999986","0.999871","1.000550","0.999341","155.25M","0.01%"
"Jun 14, 2021","0.999871","0.999916","1.000293","0.999394","142.77M","-0.00%"
"Jun 13, 2021","0.999916","0.999979","1.000955","0.999487","102.48M","-0.01%"
"Jun 12, 2021","0.999984","1.000083","1.000193","0.999428","109.52M","-0.01%"
"Jun 11, 2021","1.000083","0.999373","1.000180","0.998885","112.00M","0.07%"
"Jun 10, 2021","0.999383","0.999333","0.999699","0.999009","121.55M","0.00%"
"Jun 09, 2021","0.999333","0.999297","0.999968","0.999115","179.97M","0.00%"
"Jun 08, 2021","0.999297","0.999696","0.999996","0.999082","219.79M","-0.04%"
"Jun 07, 2021","0.999696","0.999767","1.000179","0.999227","141.99M","-0.01%"
"Jun 06, 2021","0.999767","0.999774","0.999989","0.999301","82.19M","-0.00%"
"Jun 05, 2021","0.999774","0.999494","1.000091","0.999178","95.73M","0.03%"
"Jun 04, 2021","0.999494","0.999876","0.999949","0.999089","174.14M","-0.04%"
"Jun 03, 2021","0.999880","0.999884","1.000312","0.999348","119.85M","-0.00%"
"Jun 02, 2021","0.999884","0.999891","1.000282","0.999696","116.85M","-0.00%"
"Jun 01, 2021","0.999891","0.999782","1.000337","0.999355","132.94M","0.01%"
"May 31, 2021","0.999782","0.999359","0.999794","0.998912","167.23M","0.04%"
"May 30, 2021","0.999359","0.999493","0.999912","0.998819","181.47M","-0.01%"
"May 29, 2021","0.999493","0.999479","0.999978","0.999157","152.07M","0.00%"
"May 28, 2021","0.999476","0.999089","0.999760","0.998789","199.72M","0.04%"
"May 27, 2021","0.999089","0.998633","0.999301","0.998285","117.37M","0.05%"
"May 26, 2021","0.998633","0.998785","0.999072","0.998217","169.00M","-0.02%"
"May 25, 2021","0.998874","0.998885","0.998982","0.998010","209.53M","-0.00%"
"May 24, 2021","0.998886","0.998676","0.999169","0.998183","338.15M","0.02%"
"May 23, 2021","0.998675","0.999147","1.000802","0.998372","456.23M","-0.04%"
"May 22, 2021","0.999055","0.998762","0.999588","0.998439","288.88M","0.03%"
"May 21, 2021","0.998714","0.997803","1.001447","0.997645","481.17M","0.09%"
"May 20, 2021","0.997803","0.998386","0.999841","0.997507","443.22M","-0.06%"
"May 19, 2021","0.998386","0.999363","1.004861","0.995785","829.66M","-0.10%"
"May 18, 2021","0.999363","0.999858","0.999996","0.998701","222.43M","-0.05%"
"May 17, 2021","0.999889","0.999704","1.002443","0.998825","364.20M","0.02%"
"May 16, 2021","0.999705","0.999680","1.002304","0.999294","284.57M","-0.01%"
"May 15, 2021","0.999770","0.998984","0.999780","0.998733","227.02M","0.08%"
"May 14, 2021","0.998986","0.999856","1.000449","0.997989","277.24M","-0.09%"
"May 13, 2021","0.999891","1.000147","1.001455","0.998184","393.26M","-0.01%"
"May 12, 2021","1.000025","0.998706","1.000403","0.998120","290.45M","0.13%"
"May 11, 2021","0.998706","0.998982","0.999494","0.998125","193.24M","-0.03%"
"May 10, 2021","0.998985","0.998709","0.999778","0.998047","290.24M","0.03%"
"May 09, 2021","0.998683","0.998696","1.001757","0.998059","381.41M","-0.00%"
"May 08, 2021","0.998694","0.999115","0.999118","0.997758","193.41M","-0.04%"
"May 07, 2021","0.999114","0.999217","0.999758","0.998308","237.85M","-0.01%"
"May 06, 2021","0.999236","0.998817","0.999571","0.998365","228.31M","0.04%"
"May 05, 2021","0.998818","0.999494","0.999888","0.998633","214.91M","-0.07%"
"May 04, 2021","0.999488","0.999198","0.999808","0.998963","243.37M","0.03%"
"May 03, 2021","0.999206","0.999238","1.000697","0.998970","209.96M","-0.00%"
"May 02, 2021","0.999238","0.999101","0.999703","0.998989","93.19M","0.01%"
"May 01, 2021","0.999099","0.998780","0.999601","0.998535","112.81M","0.03%"
"Apr 30, 2021","0.998774","0.999379","0.999542","0.998640","146.37M","-0.06%"
"Apr 29, 2021","0.999379","0.999069","0.999849","0.998882","155.72M","0.03%"
"Apr 28, 2021","0.999094","0.998807","0.999687","0.998414","167.11M","0.03%"
"Apr 27, 2021","0.998807","0.999195","0.999331","0.998277","156.83M","-0.04%"
"Apr 26, 2021","0.999195","0.998862","0.999505","0.998334","161.00M","0.03%"
"Apr 25, 2021","0.998862","0.998787","0.999698","0.998172","112.51M","0.01%"
"Apr 24, 2021","0.998787","0.999073","0.999572","0.998347","109.96M","-0.03%"
"Apr 23, 2021","0.999073","0.999843","1.001436","0.998468","364.54M","-0.08%"
"Apr 22, 2021","0.999843","0.999542","1.000397","0.998978","240.33M","0.03%"
"Apr 21, 2021","0.999542","0.998945","0.999798","0.994979","194.64M","0.06%"
"Apr 20, 2021","0.998945","0.998942","0.999876","0.984668","231.27M","0.00%"
"Apr 19, 2021","0.998944","0.998012","0.999674","0.985539","232.53M","0.09%"
"Apr 18, 2021","0.998015","0.999085","0.999967","0.991091","352.39M","-0.12%"
"Apr 17, 2021","0.999179","0.998779","0.999993","0.998489","224.04M","0.04%"
"Apr 16, 2021","0.998779","0.999209","0.999888","0.997106","375.73M","-0.04%"
"Apr 15, 2021","0.999207","1.000003","1.000624","0.998839","211.33M","-0.08%"
"Apr 14, 2021","1.000003","0.999901","1.000514","0.999406","241.16M","0.01%"
"Apr 13, 2021","0.999901","1.000560","1.000778","0.999585","204.06M","-0.07%"
"Apr 12, 2021","1.000560","1.000763","1.001047","1.000051","153.54M","-0.02%"
"Apr 11, 2021","1.000763","1.000282","1.001084","1.000188","98.39M","0.05%"
"Apr 10, 2021","1.000282","1.000408","1.000986","1.000007","128.74M","-0.01%"
"Apr 09, 2021","1.000407","1.000190","1.000537","0.999906","103.85M","0.02%"
"Apr 08, 2021","1.000189","1.000383","1.000702","0.999865","144.08M","-0.02%"
"Apr 07, 2021","1.000382","0.999960","1.000750","0.999814","174.30M","0.04%"
"Apr 06, 2021","0.999960","0.999884","1.002436","0.999354","158.84M","0.01%"
"Apr 05, 2021","0.999884","0.999796","1.000280","0.999617","145.37M","0.01%"
"Apr 04, 2021","0.999796","0.999679","0.999993","0.997561","104.94M","0.01%"
"Apr 03, 2021","0.999680","0.999873","1.000575","0.999586","120.31M","-0.02%"
"Apr 02, 2021","0.999874","1.000068","1.000655","0.999561","172.34M","-0.02%"
"Apr 01, 2021","1.000067","0.999639","1.000458","0.999436","162.05M","0.04%"
"Mar 31, 2021","0.999638","0.999755","1.000150","0.999471","139.19M","-0.01%"
"Mar 30, 2021","0.999755","1.000153","1.000608","0.999489","148.74M","-0.03%"
"Mar 29, 2021","1.000062","1.000251","1.000482","0.999852","178.69M","-0.01%"
"Mar 28, 2021","1.000160","0.999755","1.000335","0.999656","83.23M","0.04%"
"Mar 27, 2021","0.999754","0.999389","1.000065","0.999257","89.40M","0.04%"
"Mar 26, 2021","0.999390","0.999705","1.000075","0.999251","169.71M","-0.03%"
"Mar 25, 2021","0.999705","1.000179","1.000838","0.999650","173.51M","-0.05%"
"Mar 24, 2021","1.000179","0.999754","1.000848","0.999747","206.69M","0.04%"
"Mar 23, 2021","0.999755","0.999696","1.000089","0.999351","120.20M","0.01%"
"Mar 22, 2021","0.999696","0.999730","1.000213","0.999346","143.29M","-0.00%"
"Mar 21, 2021","0.999729","0.999835","1.000194","0.999212","95.72M","-0.01%"
"Mar 20, 2021","0.999832","0.999842","1.000240","0.999410","92.52M","-0.00%"
"Mar 19, 2021","0.999842","1.000167","1.000460","0.999610","118.84M","-0.03%"
"Mar 18, 2021","1.000167","0.999558","1.000266","0.999558","114.66M","0.06%"
"Mar 17, 2021","0.999558","0.999789","1.000266","0.999331","145.43M","-0.02%"
"Mar 16, 2021","0.999788","0.999964","1.000858","0.999631","168.16M","-0.02%"
"Mar 15, 2021","0.999965","0.999983","1.000692","0.999539","173.88M","-0.00%"
"Mar 14, 2021","0.999983","1.000332","1.000552","0.999687","105.16M","-0.03%"
"Mar 13, 2021","1.000333","0.999968","1.001078","0.999774","142.39M","0.04%"
"Mar 12, 2021","0.999968","0.999928","1.000559","0.999556","159.63M","0.00%"
"Mar 11, 2021","0.999928","0.999804","1.000569","0.999456","181.76M","0.01%"
"Mar 10, 2021","0.999803","0.999674","1.000395","0.999258","160.22M","0.02%"
"Mar 09, 2021","0.999578","0.999589","1.000248","0.999200","158.18M","-0.00%"
"Mar 08, 2021","0.999589","0.999299","0.999991","0.999051","124.69M","0.03%"
"Mar 07, 2021","0.999299","0.999524","1.000312","0.999174","104.95M","-0.02%"
"Mar 06, 2021","0.999524","0.999781","1.000461","0.999428","107.05M","-0.03%"
"Mar 05, 2021","0.999781","1.000103","1.000504","0.999465","105.39M","-0.03%"
"Mar 04, 2021","1.000105","0.999557","1.000689","0.999146","208.18M","0.05%"
"Mar 03, 2021","0.999559","0.999039","1.000080","0.998691","128.42M","0.05%"
"Mar 02, 2021","0.999035","0.998981","0.999801","0.998692","140.13M","0.01%"
"Mar 01, 2021","0.998981","0.998132","0.999853","0.997674","189.23M","0.09%"
"Feb 28, 2021","0.998132","0.999202","1.000063","0.997387","154.26M","-0.07%"
"Feb 27, 2021","0.998871","0.999785","1.000396","0.998864","114.32M","-0.09%"
"Feb 26, 2021","0.999785","1.000094","1.000453","0.999214","199.71M","-0.03%"
"Feb 25, 2021","1.000094","0.999497","1.000399","0.998899","186.96M","0.06%"
"Feb 24, 2021","0.999497","1.000361","1.000672","0.999230","307.52M","-0.09%"
"Feb 23, 2021","1.000361","0.999895","1.003099","0.999499","407.99M","0.05%"
"Feb 22, 2021","0.999895","0.999206","1.001933","0.998797","334.54M","0.07%"
"Feb 21, 2021","0.999205","0.999198","1.001418","0.999095","136.07M","0.00%"
"Feb 20, 2021","0.999198","0.999440","1.000948","0.999096","230.29M","-0.02%"
"Feb 19, 2021","0.999440","1.000005","1.001684","0.998984","226.06M","-0.06%"
"Feb 18, 2021","1.000009","0.999716","1.000801","0.999423","192.24M","0.04%"
"Feb 17, 2021","0.999619","1.000094","1.000601","0.999403","186.74M","-0.05%"
"Feb 16, 2021","1.000094","0.999802","1.000558","0.999408","178.40M","0.03%"
"Feb 15, 2021","0.999802","0.998989","1.000789","0.998100","195.56M","0.08%"
"Feb 14, 2021","0.998989","0.998755","1.001911","0.998161","199.23M","0.02%"
"Feb 13, 2021","0.998755","0.997906","0.999583","0.997606","170.59M","0.09%"
"Feb 12, 2021","0.997906","0.999208","0.999849","0.997514","172.86M","-0.13%"
"Feb 11, 2021","0.999208","0.999495","0.999685","0.998650","141.15M","-0.03%"
"Feb 10, 2021","0.999495","0.998802","0.999974","0.997614","197.25M","0.07%"
"Feb 09, 2021","0.998802","0.999020","1.000068","0.997419","188.55M","-0.02%"
"Feb 08, 2021","0.999016","0.998229","0.999403","0.997104","160.31M","0.07%"
"Feb 07, 2021","0.998326","0.998394","0.999599","0.998228","130.04M","-0.01%"
"Feb 06, 2021","0.998394","0.999177","1.000110","0.998317","131.81M","-0.08%"
"Feb 05, 2021","0.999181","0.998875","0.999683","0.998185","153.26M","0.03%"
"Feb 04, 2021","0.998875","0.998979","0.999604","0.997888","161.19M","-0.01%"
"Feb 03, 2021","0.998981","0.999091","1.000061","0.998151","181.50M","-0.01%"
"Feb 02, 2021","0.999091","0.999812","1.000284","0.998973","127.36M","-0.06%"
"Feb 01, 2021","0.999721","0.998490","1.000389","0.997973","108.36M","0.12%"
"Jan 31, 2021","0.998490","0.998793","0.999867","0.998010","84.20M","-0.03%"
"Jan 30, 2021","0.998793","0.999502","1.000184","0.998488","112.35M","-0.07%"
"Jan 29, 2021","0.999502","0.997625","1.000076","0.995339","254.48M","0.19%"
"Jan 28, 2021","0.997625","0.998194","0.999383","0.997316","133.72M","-0.07%"
"Jan 27, 2021","0.998289","0.999099","0.999856","0.997894","117.94M","-0.08%"
"Jan 26, 2021","0.999099","0.999902","1.000198","0.998697","138.01M","-0.08%"
"Jan 25, 2021","0.999902","0.999006","1.000483","0.998778","122.70M","0.09%"
"Jan 24, 2021","0.999006","0.998882","0.999779","0.998739","92.65M","0.01%"
"Jan 23, 2021","0.998882","0.999119","0.999489","0.998607","81.87M","-0.02%"
"Jan 22, 2021","0.999119","1.000615","1.001402","0.998220","240.02M","-0.15%"
"Jan 21, 2021","1.000615","0.999315","1.001678","0.999159","212.55M","0.13%"
"Jan 20, 2021","0.999315","0.999576","1.000381","0.999094","165.30M","-0.03%"
"Jan 19, 2021","0.999576","0.999630","1.000391","0.997973","232.50M","-0.01%"
"Jan 18, 2021","0.999628","1.000355","1.000641","0.999430","153.99M","-0.07%"
"Jan 17, 2021","1.000356","1.000103","1.000496","0.999419","158.93M","0.03%"
"Jan 16, 2021","1.000103","0.999909","1.000570","0.999345","168.41M","0.02%"
"Jan 15, 2021","0.999912","1.001312","1.002565","0.999907","204.91M","-0.14%"
"Jan 14, 2021","1.001310","0.999773","1.002745","0.999471","176.56M","0.15%"
"Jan 13, 2021","0.999773","1.000593","1.001175","0.999770","155.12M","-0.08%"
"Jan 12, 2021","1.000593","0.999671","1.000984","0.999303","186.18M","0.09%"
"Jan 11, 2021","0.999669","0.999786","1.004804","0.999668","288.96M","-0.01%"
"Jan 10, 2021","0.999786","0.996459","1.001230","0.996369","193.41M","0.33%"
"Jan 09, 2021","0.996459","0.999235","1.000008","0.995760","120.89M","-0.28%"
"Jan 08, 2021","0.999235","0.998484","1.000083","0.998383","178.12M","0.08%"
"Jan 07, 2021","0.998484","0.997579","1.000280","0.996122","199.77M","0.09%"
"Jan 06, 2021","0.997581","0.996815","0.998720","0.995753","158.69M","0.08%"
"Jan 05, 2021","0.996815","0.999385","0.999786","0.996125","140.69M","-0.26%"
"Jan 04, 2021","0.999386","0.999096","1.013973","0.994057","229.55M","0.03%"
"Jan 03, 2021","0.999097","0.999017","1.011233","0.990460","202.14M","0.01%"
"Jan 02, 2021","0.999019","0.997424","1.000539","0.996933","157.78M","0.16%"
"Jan 01, 2021","0.997427","0.998450","0.998451","0.996834","71.39M","-0.10%"
"Dec 31, 2020","0.998450","0.999685","1.000282","0.998352","121.82M","-0.11%"
"Dec 30, 2020","0.999592","1.000834","1.001226","0.999585","89.23M","-0.12%"
"Dec 29, 2020","1.000837","1.001663","1.001974","1.000421","88.66M","-0.08%"
"Dec 28, 2020","1.001663","1.001032","1.002163","1.000535","82.06M","0.06%"
"Dec 27, 2020","1.001032","1.000414","1.001516","1.000207","80.51M","0.06%"
"Dec 26, 2020","1.000414","1.000140","1.000880","0.999930","61.87M","0.03%"
"Dec 25, 2020","1.000139","1.000265","1.000752","0.999852","47.76M","-0.01%"
"Dec 24, 2020","1.000265","1.000270","1.000759","0.999865","56.08M","-0.00%"
"Dec 23, 2020","1.000270","0.999901","1.001068","0.999801","84.59M","0.04%"
"Dec 22, 2020","0.999901","0.999606","1.002052","0.999395","79.30M","0.03%"
"Dec 21, 2020","0.999606","0.999391","1.000507","0.999252","59.67M","0.02%"
"Dec 20, 2020","0.999398","0.998979","0.999905","0.998780","41.36M","0.04%"
"Dec 19, 2020","0.998991","0.998799","0.999504","0.998492","57.68M","0.01%"
"Dec 18, 2020","0.998898","0.999591","1.000394","0.998407","68.26M","-0.07%"
"Dec 17, 2020","0.999591","0.999199","1.000190","0.998801","93.09M","0.04%"
"Dec 16, 2020","0.999199","0.999593","0.999991","0.998387","68.10M","-0.04%"
"Dec 15, 2020","0.999593","1.000199","1.000390","0.999485","52.75M","-0.06%"
"Dec 14, 2020","1.000199","1.000298","1.000481","0.999715","30.19M","-0.01%"
"Dec 13, 2020","1.000298","0.999589","1.000305","0.999384","35.98M","0.07%"
"Dec 12, 2020","0.999586","0.999893","0.999993","0.999583","24.42M","-0.03%"
"Dec 11, 2020","0.999883","0.999990","1.000694","0.999882","36.10M","-0.00%"
"Dec 10, 2020","0.999896","0.999601","1.000600","0.999590","33.81M","0.03%"
"Dec 09, 2020","0.999601","1.000399","1.000749","0.999591","49.08M","-0.09%"
"Dec 08, 2020","1.000498","0.999702","1.000596","0.999402","47.04M","0.08%"
"Dec 07, 2020","0.999702","0.999390","1.000091","0.999294","28.36M","0.03%"
"Dec 06, 2020","0.999390","0.999394","0.999785","0.999278","26.66M","0.00%"
"Dec 05, 2020","0.999390","0.999693","0.999890","0.998979","29.63M","-0.03%"
"Dec 04, 2020","0.999683","0.999097","0.999800","0.998770","44.33M","0.06%"
"Dec 03, 2020","0.999103","0.999389","0.999965","0.998991","43.69M","-0.03%"
"Dec 02, 2020","0.999389","0.999397","1.000096","0.999179","41.45M","-0.00%"
"Dec 01, 2020","0.999397","0.999487","0.999993","0.998887","54.72M","-0.01%"
"Nov 30, 2020","0.999482","0.999090","1.000203","0.998000","55.02M","0.04%"
"Nov 29, 2020","0.999090","0.999184","0.999691","0.998983","23.68M","-0.01%"
"Nov 28, 2020","0.999184","0.999477","0.999984","0.998695","32.87M","-0.03%"
"Nov 27, 2020","0.999477","0.999090","1.000369","0.998991","43.44M","0.04%"
"Nov 26, 2020","0.999089","0.999876","1.000603","0.998992","84.16M","-0.08%"
"Nov 25, 2020","0.999879","0.999033","1.000068","0.998887","48.24M","0.08%"
"Nov 24, 2020","0.999036","0.998978","0.999670","0.998052","65.93M","-0.00%"
"Nov 23, 2020","0.999077","0.998784","0.999565","0.998531","46.95M","0.03%"
"Nov 22, 2020","0.998769","0.999101","0.999826","0.998550","33.76M","-0.03%"
"Nov 21, 2020","0.999115","0.999283","0.999728","0.998411","34.51M","-0.02%"
"Nov 20, 2020","0.999279","0.998959","0.999655","0.998396","37.84M","0.03%"
"Nov 19, 2020","0.998968","0.999132","0.999625","0.998670","26.59M","-0.02%"
"Nov 18, 2020","0.999124","0.999057","0.999622","0.998309","42.16M","0.01%"
"Nov 17, 2020","0.999057","0.999350","0.999834","0.998735","38.65M","-0.03%"
"Nov 16, 2020","0.999347","0.999199","0.999744","0.998992","41.99M","0.01%"
"Nov 15, 2020","0.999207","0.998973","0.999512","0.998958","38.04M","0.02%"
"Nov 14, 2020","0.998970","0.998820","0.999425","0.998812","35.82M","0.01%"
"Nov 13, 2020","0.998820","0.998946","0.999327","0.998541","54.79M","-0.01%"
"Nov 12, 2020","0.998943","0.998991","0.999209","0.998078","39.94M","-0.00%"
"Nov 11, 2020","0.998991","0.998983","0.999287","0.998209","33.56M","0.00%"
"Nov 10, 2020","0.998976","0.999282","0.999594","0.998500","32.92M","-0.03%"
"Nov 09, 2020","0.999282","0.999377","0.999681","0.998660","41.45M","-0.01%"
"Nov 08, 2020","0.999375","0.998884","0.999478","0.998678","19.80M","0.06%"
"Nov 07, 2020","0.998791","0.998582","0.999602","0.998294","31.36M","0.02%"
"Nov 06, 2020","0.998590","0.998502","0.999302","0.998202","34.12M","0.01%"
"Nov 05, 2020","0.998509","0.998977","0.999478","0.998366","35.98M","-0.04%"
"Nov 04, 2020","0.998889","0.999128","0.999591","0.998844","27.67M","-0.02%"
"Nov 03, 2020","0.999128","0.999049","0.999915","0.998964","26.09M","0.01%"
"Nov 02, 2020","0.999054","0.999341","0.999739","0.998849","35.23M","-0.03%"
"Nov 01, 2020","0.999337","0.998897","0.999446","0.998687","17.60M","0.04%"
"Oct 31, 2020","0.998904","0.999292","0.999775","0.998803","16.20M","-0.04%"
"Oct 30, 2020","0.999288","0.999374","0.999786","0.998886","30.49M","0.00%"
"Oct 29, 2020","0.999284","0.999560","1.000125","0.999063","32.34M","-0.03%"
"Oct 28, 2020","0.999562","0.999560","1.000051","0.999085","28.29M","0.00%"
"Oct 27, 2020","0.999560","0.998871","0.999777","0.998767","33.85M","0.07%"
"Oct 26, 2020","0.998871","0.998966","0.999568","0.998427","32.12M","-0.01%"
"Oct 25, 2020","0.998966","0.998970","0.999286","0.998228","14.47M","-0.00%"
"Oct 24, 2020","0.998972","0.998980","0.999575","0.998524","17.64M","0.00%"
"Oct 23, 2020","0.998973","0.998749","0.999850","0.998441","32.95M","0.02%"
"Oct 22, 2020","0.998749","0.998152","0.999571","0.998040","31.96M","0.06%"
"Oct 21, 2020","0.998158","0.999106","0.999488","0.997395","47.09M","-0.09%"
"Oct 20, 2020","0.999106","0.999596","0.999993","0.999096","31.83M","-0.05%"
"Oct 19, 2020","0.999592","0.999516","1.000296","0.999221","29.85M","0.01%"
"Oct 18, 2020","0.999505","0.999674","1.000073","0.999270","10.16M","-0.02%"
"Oct 17, 2020","0.999684","0.999385","0.999796","0.999280","13.38M","0.03%"
"Oct 16, 2020","0.999385","0.999391","1.000153","0.999092","40.75M","-0.01%"
"Oct 15, 2020","0.999484","0.999387","0.999880","0.999173","27.80M","0.01%"
"Oct 14, 2020","0.999387","0.999491","0.999794","0.998969","21.49M","-0.01%"
"Oct 13, 2020","0.999499","0.999394","0.999898","0.999100","32.48M","0.01%"
"Oct 12, 2020","0.999399","0.999703","1.000091","0.999205","31.10M","-0.03%"
"Oct 11, 2020","0.999700","0.999390","1.000088","0.999386","22.15M","0.03%"
"Oct 10, 2020","0.999392","0.999496","0.999898","0.999291","28.73M","-0.01%"
"Oct 09, 2020","0.999496","0.999686","0.999995","0.999384","30.32M","-0.01%"
"Oct 08, 2020","0.999589","0.999889","1.000194","0.999586","31.74M","-0.03%"
"Oct 07, 2020","0.999890","1.000177","1.000471","0.999785","25.47M","-0.03%"
"Oct 06, 2020","1.000179","0.999917","1.000922","0.999580","37.59M","0.04%"
"Oct 05, 2020","0.999730","0.999790","1.000171","0.999573","21.64M","-0.01%"
"Oct 04, 2020","0.999784","0.999700","1.000175","0.999580","20.22M","0.01%"
"Oct 03, 2020","0.999713","0.999807","1.000587","0.999697","19.36M","-0.01%"
"Oct 02, 2020","0.999807","1.000285","1.000795","0.999701","37.67M","-0.05%"
"Oct 01, 2020","1.000282","0.999985","1.001092","0.999584","44.12M","0.03%"
"Sep 30, 2020","0.999994","0.999991","1.000602","0.999796","30.52M","-0.00%"
"Sep 29, 2020","0.999996","1.000262","1.000673","0.999803","30.30M","-0.03%"
"Sep 28, 2020","1.000259","0.999886","1.000360","0.999397","21.98M","0.04%"
"Sep 27, 2020","0.999886","0.999793","1.000295","0.999343","17.90M","0.01%"
"Sep 26, 2020","0.999790","0.999498","0.999996","0.999433","19.88M","0.03%"
"Sep 25, 2020","0.999496","0.999767","1.000320","0.999493","31.31M","-0.03%"
"Sep 24, 2020","0.999767","1.000288","1.000691","0.999662","33.05M","-0.05%"
"Sep 23, 2020","1.000288","0.999980","1.004887","0.999496","46.59M","0.03%"
"Sep 22, 2020","0.999980","1.000062","1.000592","0.999796","26.90M","-0.01%"
"Sep 21, 2020","1.000064","0.999888","1.000843","0.999504","41.88M","0.02%"
"Sep 20, 2020","0.999887","1.000001","1.000854","0.999774","30.92M","-0.01%"
"Sep 19, 2020","1.000000","0.999888","1.000457","0.999597","26.38M","0.01%"
"Sep 18, 2020","0.999889","0.999897","1.000298","0.999508","43.91M","-0.00%"
"Sep 17, 2020","0.999897","0.999999","1.000976","0.999498","44.20M","-0.01%"
"Sep 16, 2020","1.000000","1.000001","1.000508","0.999498","43.31M","-0.00%"
"Sep 15, 2020","1.000001","0.999789","1.000438","0.999537","34.39M","0.02%"
"Sep 14, 2020","0.999789","0.999914","1.000591","0.999306","47.48M","-0.01%"
"Sep 13, 2020","0.999920","0.999816","1.000595","0.999619","35.99M","0.01%"
"Sep 12, 2020","0.999823","0.999488","1.000586","0.999485","31.06M","0.03%"
"Sep 11, 2020","0.999487","0.999589","1.000539","0.999391","39.81M","-0.01%"
"Sep 10, 2020","0.999589","0.999794","0.999999","0.999007","40.94M","-0.02%"
"Sep 09, 2020","0.999792","1.000190","1.000672","0.999396","37.82M","-0.04%"
"Sep 08, 2020","1.000190","0.999985","1.000580","0.999584","34.28M","0.02%"
"Sep 07, 2020","0.999985","0.999687","1.000521","0.999457","34.60M","0.03%"
"Sep 06, 2020","0.999687","0.999859","1.000475","0.999166","34.29M","-0.02%"
"Sep 05, 2020","0.999859","0.999175","1.001563","0.999171","43.36M","0.07%"
"Sep 04, 2020","0.999175","0.998290","0.999963","0.998195","56.23M","0.09%"
"Sep 03, 2020","0.998290","0.999176","1.000418","0.997819","53.64M","-0.09%"
"Sep 02, 2020","0.999176","0.999575","1.000356","0.998379","45.30M","-0.04%"
"Sep 01, 2020","0.999576","0.999675","1.000039","0.998471","45.83M","-0.01%"
"Aug 31, 2020","0.999674","0.999990","1.000462","0.999277","29.43M","-0.03%"
"Aug 30, 2020","0.999990","0.999580","1.000963","0.999571","25.17M","0.04%"
"Aug 29, 2020","0.999581","0.999476","1.000073","0.999164","22.76M","0.01%"
"Aug 28, 2020","0.999476","0.999902","1.000093","0.999091","28.19M","-0.04%"
"Aug 27, 2020","0.999902","0.999303","1.000457","0.999213","27.84M","0.06%"
"Aug 26, 2020","0.999303","0.999602","1.000274","0.998911","30.71M","-0.03%"
"Aug 25, 2020","0.999602","0.999780","1.000651","0.999377","28.54M","-0.02%"
"Aug 24, 2020","0.999779","0.999275","1.000168","0.999265","20.79M","0.05%"
"Aug 23, 2020","0.999275","0.999474","0.999977","0.999101","17.79M","-0.02%"
"Aug 22, 2020","0.999474","1.000073","1.000645","0.999380","28.99M","-0.06%"
"Aug 21, 2020","1.000072","0.999389","1.000577","0.999036","42.47M","0.07%"
"Aug 20, 2020","0.999389","0.999688","1.000368","0.998803","29.60M","-0.03%"
"Aug 19, 2020","0.999689","0.999218","1.000834","0.999083","32.74M","0.05%"
"Aug 18, 2020","0.999218","0.998686","1.000247","0.998394","38.48M","0.05%"
"Aug 17, 2020","0.998687","0.999677","1.000456","0.997410","41.58M","-0.09%"
"Aug 16, 2020","0.999585","0.999361","1.000271","0.999167","28.61M","0.02%"
"Aug 15, 2020","0.999361","0.998695","0.999946","0.998594","30.81M","0.07%"
"Aug 14, 2020","0.998695","0.998702","0.999369","0.997812","36.02M","-0.00%"
"Aug 13, 2020","0.998700","0.999691","1.001172","0.998328","42.22M","-0.10%"
"Aug 12, 2020","0.999695","1.000407","1.000802","0.998900","36.77M","-0.07%"
"Aug 11, 2020","1.000407","0.999113","1.000785","0.998809","43.08M","0.13%"
"Aug 10, 2020","0.999113","0.999379","0.999607","0.997631","33.06M","-0.03%"
"Aug 09, 2020","0.999379","0.999392","0.999807","0.998519","21.42M","-0.00%"
"Aug 08, 2020","0.999405","0.998745","0.999549","0.998468","24.27M","0.07%"
"Aug 07, 2020","0.998745","0.999184","1.000041","0.998462","24.72M","-0.04%"
"Aug 06, 2020","0.999182","0.998854","0.999651","0.998390","20.01M","0.03%"
"Aug 05, 2020","0.998854","0.999466","1.000168","0.998194","25.14M","-0.06%"
"Aug 04, 2020","0.999466","0.999127","0.999972","0.999000","27.03M","0.03%"
"Aug 03, 2020","0.999125","0.999980","1.000399","0.998610","30.67M","-0.09%"
"Aug 02, 2020","0.999980","0.998657","1.000168","0.996222","39.08M","0.13%"
"Aug 01, 2020","0.998656","0.998488","0.999562","0.997189","39.76M","0.02%"
"Jul 31, 2020","0.998488","0.998795","0.999676","0.997932","30.72M","-0.03%"
"Jul 30, 2020","0.998794","0.999179","0.999964","0.998147","29.38M","-0.04%"
"Jul 29, 2020","0.999179","0.997858","0.999889","0.997751","31.60M","0.13%"
"Jul 28, 2020","0.997860","0.998234","0.999787","0.997853","35.39M","-0.04%"
"Jul 27, 2020","0.998234","0.999100","0.999578","0.997384","56.73M","-0.09%"
"Jul 26, 2020","0.999102","0.998998","1.000329","0.994399","39.92M","0.01%"
"Jul 25, 2020","0.998998","0.998582","0.999519","0.998375","18.26M","0.04%"
"Jul 24, 2020","0.998582","0.999080","0.999464","0.998314","18.66M","-0.05%"
"Jul 23, 2020","0.999080","0.998118","0.999763","0.997641","22.27M","0.07%"
"Jul 22, 2020","0.998333","0.999585","0.999916","0.997847","24.06M","-0.07%"
"Jul 21, 2020","0.999072","0.999783","1.000438","0.998852","19.73M","-0.07%"
"Jul 20, 2020","0.999783","0.999539","1.000265","0.999449","13.36M","0.02%"
"Jul 19, 2020","0.999540","0.999851","1.000187","0.999298","13.49M","-0.03%"
"Jul 18, 2020","0.999851","1.000156","1.000343","0.999471","14.55M","-0.03%"
"Jul 17, 2020","1.000154","1.000528","1.001224","0.999982","15.92M","-0.04%"
"Jul 16, 2020","1.000528","1.000934","1.001747","0.999953","25.52M","-0.04%"
"Jul 15, 2020","1.000940","0.999974","1.001365","0.999799","24.60M","0.10%"
"Jul 14, 2020","0.999897","1.000670","1.001085","0.999853","23.95M","-0.08%"
"Jul 13, 2020","1.000670","1.000043","1.001213","0.999916","32.09M","0.06%"
"Jul 12, 2020","1.000043","1.000098","1.001067","0.999742","18.18M","-0.01%"
"Jul 11, 2020","1.000098","0.999955","1.000489","0.999847","16.20M","0.01%"
"Jul 10, 2020","0.999955","1.000054","1.001102","0.999902","29.39M","-0.01%"
"Jul 09, 2020","1.000054","0.999716","1.000790","0.999421","22.56M","0.03%"
"Jul 08, 2020","0.999720","1.000071","1.005305","0.999357","44.42M","-0.03%"
"Jul 07, 2020","1.000070","0.999764","1.000632","0.999653","22.80M","0.03%"
"Jul 06, 2020","0.999764","0.999660","1.000356","0.999550","22.15M","0.01%"
"Jul 05, 2020","0.999660","0.999746","1.000214","0.999487","16.35M","-0.01%"
"Jul 04, 2020","0.999749","0.999904","1.000368","0.999461","15.90M","-0.02%"
"Jul 03, 2020","0.999974","0.999768","1.000703","0.999627","23.69M","0.02%"
"Jul 02, 2020","0.999767","0.999430","1.000735","0.999331","23.49M","0.03%"
"Jul 01, 2020","0.999430","1.000063","1.000505","0.999281","24.28M","-0.06%"
"Jun 30, 2020","1.000063","1.000388","1.000892","0.999821","16.14M","-0.03%"
"Jun 29, 2020","1.000388","1.000494","1.001492","0.999883","19.51M","-0.01%"
"Jun 28, 2020","1.000494","1.000843","1.001288","1.000189","13.72M","-0.03%"
"Jun 27, 2020","1.000843","1.000882","1.001725","1.000485","28.75M","-0.00%"
"Jun 26, 2020","1.000890","1.000703","1.002333","1.000463","26.41M","0.02%"
"Jun 25, 2020","1.000703","1.001161","1.002185","1.000339","29.42M","-0.05%"
"Jun 24, 2020","1.001157","1.000445","1.002086","1.000133","32.89M","0.07%"
"Jun 23, 2020","1.000445","0.999940","1.000834","0.999785","19.21M","0.05%"
"Jun 22, 2020","0.999940","1.001433","1.001485","0.999590","29.82M","-0.15%"
"Jun 21, 2020","1.001433","1.000399","1.001584","1.000215","23.50M","0.10%"
"Jun 20, 2020","1.000392","1.001581","1.001822","1.000295","23.30M","-0.12%"
"Jun 19, 2020","1.001581","1.001137","1.001862","1.000683","32.02M","0.04%"
"Jun 18, 2020","1.001146","1.000826","1.001465","1.000618","24.36M","0.03%"
"Jun 17, 2020","1.000829","1.000376","1.001575","1.000141","29.93M","0.05%"
"Jun 16, 2020","1.000376","0.999725","1.000930","0.999289","29.17M","0.07%"
"Jun 15, 2020","0.999725","1.000625","1.001817","0.999398","29.09M","-0.09%"
"Jun 14, 2020","1.000625","0.999843","1.000815","0.999688","14.74M","0.08%"
"Jun 13, 2020","0.999843","1.000245","1.001696","0.999770","17.13M","-0.04%"
"Jun 12, 2020","1.000256","1.000951","1.001581","1.000067","20.41M","-0.07%"
"Jun 11, 2020","1.000951","0.999349","1.002509","0.999089","35.05M","0.16%"
"Jun 10, 2020","0.999349","0.999444","1.000193","0.998703","16.44M","-0.01%"
"Jun 09, 2020","0.999444","0.999604","1.000204","0.999024","13.83M","-0.02%"
"Jun 08, 2020","0.999604","0.999435","1.000252","0.999220","12.77M","0.02%"
"Jun 07, 2020","0.999378","1.000037","1.000699","0.999298","17.39M","-0.07%"
"Jun 06, 2020","1.000037","1.000665","1.001096","0.999840","14.10M","-0.06%"
"Jun 05, 2020","1.000667","1.000020","1.000777","0.999684","15.66M","0.06%"
"Jun 04, 2020","1.000020","1.000047","1.000660","0.999554","17.89M","0.01%"
"Jun 03, 2020","0.999963","0.999999","1.000586","0.999604","10.37M","-0.00%"
"Jun 02, 2020","0.999999","0.999133","1.002274","0.998323","28.75M","0.09%"
"Jun 01, 2020","0.999133","1.000627","1.001003","0.994829","20.02M","-0.15%"
"May 31, 2020","1.000637","0.999937","1.001159","0.999395","13.03M","0.07%"
"May 30, 2020","0.999937","0.999915","1.000681","0.999258","20.44M","0.00%"
"May 29, 2020","0.999915","0.999788","1.000842","0.999624","13.01M","0.01%"
"May 28, 2020","0.999775","1.000040","1.000690","0.999259","17.14M","-0.03%"
"May 27, 2020","1.000040","1.000195","1.000770","0.999474","15.96M","-0.02%"
"May 26, 2020","1.000195","1.000093","1.000810","0.999819","9.67M","0.01%"
"May 25, 2020","1.000093","1.000439","1.001057","0.999544","9.82M","-0.03%"
"May 24, 2020","1.000439","0.999843","1.001282","0.999317","9.73M","0.06%"
"May 23, 2020","0.999843","1.000156","1.000684","0.999245","10.09M","-0.03%"
"May 22, 2020","1.000156","1.000837","1.001834","0.999748","21.38M","-0.07%"
"May 21, 2020","1.000865","1.000456","1.002196","1.000047","35.82M","0.04%"
"May 20, 2020","1.000456","0.999797","1.001899","0.999616","23.96M","0.07%"
"May 19, 2020","0.999769","1.000439","1.001387","0.999769","20.09M","-0.07%"
"May 18, 2020","1.000439","1.000473","1.001410","0.999611","33.14M","0.00%"
"May 17, 2020","1.000404","1.000191","1.000721","0.998587","27.64M","0.01%"
"May 16, 2020","1.000260","1.000942","1.001009","0.998886","26.42M","-0.07%"
"May 15, 2020","1.000942","0.999646","1.001532","0.999141","33.45M","0.13%"
"May 14, 2020","0.999604","0.998756","1.000133","0.998020","41.24M","0.08%"
"May 13, 2020","0.998808","0.999256","0.999786","0.998382","35.39M","-0.05%"
"May 12, 2020","0.999259","0.999174","1.000350","0.998928","23.33M","0.01%"
"May 11, 2020","0.999174","0.999484","1.000968","0.997930","37.87M","-0.03%"
"May 10, 2020","0.999484","1.000042","1.001539","0.998254","52.60M","-0.06%"
"May 09, 2020","1.000042","0.999181","1.000302","0.998650","36.81M","0.09%"
"May 08, 2020","0.999181","0.998412","0.999260","0.997901","43.56M","0.08%"
"May 07, 2020","0.998412","0.999052","0.999599","0.997911","35.92M","-0.06%"
"May 06, 2020","0.999038","0.999246","0.999486","0.997460","35.32M","-0.02%"
"May 05, 2020","0.999246","0.998520","1.000030","0.997934","29.46M","0.07%"
"May 04, 2020","0.998520","0.999003","0.999650","0.997697","32.66M","-0.05%"
"May 03, 2020","0.999003","0.998857","1.000002","0.998296","34.06M","0.01%"
"May 02, 2020","0.998857","0.999187","0.999898","0.998208","31.69M","-0.03%"
"May 01, 2020","0.999187","0.999362","0.999997","0.998058","31.26M","-0.02%"
"Apr 30, 2020","0.999362","0.999042","0.999904","0.998121","50.68M","0.03%"
"Apr 29, 2020","0.999033","0.998177","0.999499","0.997090","51.48M","0.09%"
"Apr 28, 2020","0.998177","0.998100","0.999375","0.998100","26.47M","0.01%"
"Apr 27, 2020","0.998120","0.998439","0.999684","0.998039","27.27M","-0.03%"
"Apr 26, 2020","0.998439","0.999214","0.999806","0.997625","24.70M","-0.08%"
"Apr 25, 2020","0.999214","0.999104","0.999651","0.998020","25.61M","0.01%"
"Apr 24, 2020","0.999096","0.999089","1.000183","0.998491","38.65M","0.00%"
"Apr 23, 2020","0.999089","0.998801","0.999732","0.997801","39.93M","0.03%"
"Apr 22, 2020","0.998795","0.998484","0.999058","0.997993","36.83M","0.03%"
"Apr 21, 2020","0.998494","0.998725","0.999071","0.997404","39.45M","-0.02%"
"Apr 20, 2020","0.998725","0.998472","1.000059","0.997608","46.02M","0.03%"
"Apr 19, 2020","0.998472","0.998568","0.999448","0.997757","26.39M","-0.01%"
"Apr 18, 2020","0.998568","0.998926","0.999365","0.997799","28.53M","-0.04%"
"Apr 17, 2020","0.998926","0.998447","0.999433","0.997961","26.80M","0.05%"
"Apr 16, 2020","0.998447","0.999706","0.999973","0.997684","38.40M","-0.13%"
"Apr 15, 2020","0.999706","0.999170","0.999954","0.997775","28.36M","0.05%"
"Apr 14, 2020","0.999170","0.997674","0.999375","0.997174","24.85M","0.15%"
"Apr 13, 2020","0.997674","0.998567","0.999553","0.997300","33.35M","-0.09%"
"Apr 12, 2020","0.998567","0.998609","0.998943","0.996498","30.36M","-0.00%"
"Apr 11, 2020","0.998609","0.998681","0.998896","0.997729","26.52M","-0.01%"
"Apr 10, 2020","0.998681","0.998871","0.999960","0.997756","39.89M","-0.02%"
"Apr 09, 2020","0.998871","0.998622","0.999632","0.997768","21.84M","0.03%"
"Apr 08, 2020","0.998607","0.999938","1.000378","0.998247","15.88M","-0.13%"
"Apr 07, 2020","0.999938","0.998611","1.000116","0.997910","30.33M","0.13%"
"Apr 06, 2020","0.998611","0.998772","0.999469","0.997660","41.12M","-0.02%"
"Apr 05, 2020","0.998772","0.997868","0.999776","0.997563","25.58M","0.09%"
"Apr 04, 2020","0.997868","0.998714","0.999197","0.997595","34.13M","-0.08%"
"Apr 03, 2020","0.998714","0.999462","0.999900","0.997995","35.47M","-0.07%"
"Apr 02, 2020","0.999462","0.996696","0.999543","0.996160","36.45M","0.28%"
"Apr 01, 2020","0.996696","0.997709","0.999959","0.996424","24.61M","-0.10%"
"Mar 31, 2020","0.997709","0.998188","0.999304","0.997608","22.44M","-0.05%"
"Mar 30, 2020","0.998182","1.000250","1.000250","0.996393","34.89M","-0.21%"
"Mar 29, 2020","1.000250","0.998107","1.000250","0.997597","22.63M","0.21%"
"Mar 28, 2020","0.998107","0.999174","0.999966","0.997469","25.14M","-0.11%"
"Mar 27, 2020","0.999174","0.996407","0.999473","0.995536","26.09M","0.28%"
"Mar 26, 2020","0.996407","0.997838","0.998719","0.996407","22.19M","-0.14%"
"Mar 25, 2020","0.997838","0.997063","0.998737","0.996256","24.23M","0.08%"
"Mar 24, 2020","0.997063","0.995965","0.998129","0.995194","32.05M","0.11%"
"Mar 23, 2020","0.995965","0.999460","1.000003","0.995381","30.04M","-0.35%"
"Mar 22, 2020","0.999460","0.998924","0.999586","0.997029","28.20M","0.06%"
"Mar 21, 2020","0.998907","0.999757","1.000331","0.997695","31.39M","-0.09%"
"Mar 20, 2020","0.999757","0.997139","1.000750","0.995544","48.15M","0.26%"
"Mar 19, 2020","0.997139","0.996365","0.997946","0.993484","52.22M","0.08%"
"Mar 18, 2020","0.996365","0.996484","0.998425","0.995006","29.71M","-0.01%"
"Mar 17, 2020","0.996484","0.998607","0.999118","0.993811","39.98M","-0.21%"
"Mar 16, 2020","0.998606","1.002651","1.004841","0.997615","34.70M","-0.41%"
"Mar 15, 2020","1.002668","1.001702","1.003100","0.997250","20.96M","0.09%"
"Mar 14, 2020","1.001782","0.991806","1.002186","0.990634","19.96M","1.01%"
"Mar 13, 2020","0.991806","0.997296","1.006846","0.987059","60.90M","-0.55%"
"Mar 12, 2020","0.997296","0.999607","1.015532","0.997296","71.97M","-0.23%"
"Mar 11, 2020","0.999607","1.000036","1.000718","0.998618","26.32M","-0.04%"
"Mar 10, 2020","1.000036","1.000375","1.000727","0.999011","28.59M","-0.03%"
"Mar 09, 2020","1.000375","1.000263","1.000897","0.998693","38.16M","0.01%"
"Mar 08, 2020","1.000263","0.998966","1.000395","0.997719","35.73M","0.13%"
"Mar 07, 2020","0.998966","0.997677","0.999029","0.997079","24.35M","0.13%"
"Mar 06, 2020","0.997678","0.998154","0.999208","0.997364","28.85M","-0.05%"
"Mar 05, 2020","0.998154","0.999438","1.000762","0.997965","31.62M","-0.13%"
"Mar 04, 2020","0.999445","1.000149","1.000536","0.998901","25.29M","-0.07%"
"Mar 03, 2020","1.000149","0.999325","1.000373","0.998364","26.67M","0.08%"
"Mar 02, 2020","0.999325","1.000883","1.001464","0.998983","23.74M","-0.16%"
"Mar 01, 2020","1.000962","0.999979","1.001666","0.999385","22.43M","0.10%"
"Feb 29, 2020","0.999979","0.998344","1.000262","0.998120","19.60M","0.16%"
"Feb 28, 2020","0.998344","1.000573","1.001632","0.998101","20.76M","-0.21%"
"Feb 27, 2020","1.000483","1.000728","1.001330","0.999321","25.69M","-0.02%"
"Feb 26, 2020","1.000728","1.000953","1.002541","1.000342","36.22M","-0.02%"
"Feb 25, 2020","1.000953","1.000298","1.001503","0.999384","26.43M","0.07%"
"Feb 24, 2020","1.000298","0.997175","1.001223","0.996784","23.69M","0.31%"
"Feb 23, 2020","0.997175","0.998480","0.998598","0.996749","21.90M","-0.13%"
"Feb 22, 2020","0.998480","0.998482","0.999914","0.997929","15.64M","-0.00%"
"Feb 21, 2020","0.998482","0.999403","0.999793","0.998409","29.70M","-0.09%"
"Feb 20, 2020","0.999403","0.999638","1.001292","0.999151","38.36M","-0.02%"
"Feb 19, 2020","0.999638","0.997625","1.010757","0.996901","29.22M","0.20%"
"Feb 18, 2020","0.997615","0.999444","0.999896","0.996918","32.28M","-0.18%"
"Feb 17, 2020","0.999444","0.999689","1.000452","0.996994","21.34M","-0.03%"
"Feb 16, 2020","0.999702","0.999889","1.000674","0.998345","23.44M","-0.02%"
"Feb 15, 2020","0.999889","0.997999","1.002000","0.997606","26.82M","0.19%"
"Feb 14, 2020","0.997999","1.000246","1.001756","0.997999","31.83M","-0.22%"
"Feb 13, 2020","1.000246","0.997825","1.001752","0.997060","25.32M","0.24%"
"Feb 12, 2020","0.997825","0.995791","0.999816","0.995215","24.18M","0.20%"
"Feb 11, 2020","0.995792","1.000326","1.000901","0.995301","31.22M","-0.45%"
"Feb 10, 2020","1.000316","0.999191","1.001288","0.998540","29.85M","0.11%"
"Feb 09, 2020","0.999191","0.999382","1.000846","0.998104","25.77M","-0.02%"
"Feb 08, 2020","0.999382","1.001377","1.002005","0.998902","15.35M","-0.20%"
"Feb 07, 2020","1.001377","1.002168","1.002735","1.001055","22.26M","-0.08%"
"Feb 06, 2020","1.002130","1.000278","1.002411","0.999728","33.94M","0.19%"
"Feb 05, 2020","1.000278","1.003380","1.003570","0.998657","36.73M","-0.31%"
"Feb 04, 2020","1.003380","1.001719","1.003777","1.001719","27.98M","0.17%"
"Feb 03, 2020","1.001719","1.001484","1.002999","0.999689","24.03M","0.02%"
"Feb 02, 2020","1.001484","1.001129","1.002088","1.000082","21.56M","0.04%"
"Feb 01, 2020","1.001129","1.001664","1.001891","1.000475","22.37M","-0.05%"
"Jan 31, 2020","1.001664","1.001354","1.002890","1.001271","22.56M","0.03%"
"Jan 30, 2020","1.001332","1.001789","1.003096","1.000721","21.88M","-0.05%"
"Jan 29, 2020","1.001789","0.999747","1.002808","0.999666","21.20M","0.20%"
"Jan 28, 2020","0.999747","1.001765","1.002784","0.999523","31.67M","-0.20%"
"Jan 27, 2020","1.001778","1.002101","1.003372","1.001209","19.26M","-0.03%"
"Jan 26, 2020","1.002101","1.002375","1.003283","1.001294","16.20M","-0.03%"
"Jan 25, 2020","1.002375","1.001952","1.004848","1.001662","14.98M","0.04%"
"Jan 24, 2020","1.001952","1.002567","1.002998","1.001160","15.51M","-0.06%"
"Jan 23, 2020","1.002567","1.002964","1.004185","1.001588","17.87M","-0.04%"
"Jan 22, 2020","1.002964","1.001595","1.003937","1.001243","14.24M","0.14%"
"Jan 21, 2020","1.001595","1.001498","1.002916","1.001202","19.08M","0.01%"
"Jan 20, 2020","1.001498","1.000669","1.002392","1.000571","20.24M","0.08%"
"Jan 19, 2020","1.000669","1.000827","1.003376","1.000169","25.83M","-0.01%"
"Jan 18, 2020","1.000814","1.001841","1.001996","1.000239","23.89M","-0.10%"
"Jan 17, 2020","1.001841","1.001389","1.002667","1.000458","26.60M","0.05%"
"Jan 16, 2020","1.001300","1.001332","1.003330","1.000689","25.58M","-0.00%"
"Jan 15, 2020","1.001345","0.999971","1.002450","0.999723","19.44M","0.14%"
"Jan 14, 2020","0.999971","1.000742","1.002904","0.999128","31.75M","-0.08%"
"Jan 13, 2020","1.000742","1.000365","1.002136","1.000018","22.32M","0.04%"
"Jan 12, 2020","1.000365","1.000533","1.001277","0.999564","16.87M","-0.02%"
"Jan 11, 2020","1.000533","1.000823","1.001293","0.999936","15.89M","-0.03%"
"Jan 10, 2020","1.000823","1.000724","1.002001","0.999886","19.75M","0.01%"
"Jan 09, 2020","1.000724","1.001007","1.001194","0.999676","9.75M","-0.03%"
"Jan 08, 2020","1.001007","0.999097","1.001489","0.998452","16.18M","0.19%"
"Jan 07, 2020","0.999097","0.999923","1.001710","0.997990","14.44M","-0.08%"
"Jan 06, 2020","0.999923","1.000984","1.001516","0.999827","10.59M","-0.11%"
"Jan 05, 2020","1.000984","1.000918","1.001674","0.998468","7.98M","0.01%"
"Jan 04, 2020","1.000918","1.001088","1.002203","1.000561","6.67M","-0.02%"
"Jan 03, 2020","1.001088","1.002688","1.003576","1.000494","11.58M","-0.16%"
"Jan 02, 2020","1.002688","1.003458","1.004631","1.002331","10.65M","-0.08%"
"Jan 01, 2020","1.003458","1.003746","1.004174","1.002513","7.29M","-0.03%"
"Dec 31, 2019","1.003746","1.003201","1.007533","1.002774","12.12M","0.05%"
"Dec 30, 2019","1.003233","1.001119","1.003626","1.001109","14.54M","0.21%"
"Dec 29, 2019","1.001119","1.001936","1.002962","0.999828","15.79M","-0.08%"
"Dec 28, 2019","1.001936","1.001603","1.003192","1.001247","10.66M","0.03%"
"Dec 27, 2019","1.001603","1.002218","1.004291","1.001167","11.20M","-0.06%"
"Dec 26, 2019","1.002218","1.001096","1.002423","1.000944","9.32M","0.11%"
"Dec 25, 2019","1.001096","1.000942","1.002029","0.999325","10.08M","0.02%"
"Dec 24, 2019","1.000916","1.000546","1.002262","1.000037","19.45M","0.04%"
"Dec 23, 2019","1.000546","0.998898","1.000710","0.998196","21.45M","0.16%"
"Dec 22, 2019","0.998898","0.999629","1.000231","0.998898","17.20M","-0.07%"
"Dec 21, 2019","0.999629","0.999796","1.000125","0.999048","18.24M","-0.02%"
"Dec 20, 2019","0.999796","1.000508","1.001241","0.999546","16.73M","-0.07%"
"Dec 19, 2019","1.000508","0.998910","1.001382","0.998443","23.62M","0.16%"
"Dec 18, 2019","0.998909","1.001344","1.001706","0.998501","26.26M","-0.24%"
"Dec 17, 2019","1.001344","1.002051","1.002571","1.000702","20.57M","-0.07%"
"Dec 16, 2019","1.002077","1.001358","1.002689","1.000642","16.24M","0.07%"
"Dec 15, 2019","1.001358","1.000598","1.001817","1.000234","15.28M","0.08%"
"Dec 14, 2019","1.000602","1.000571","1.001503","1.000216","17.81M","0.00%"
"Dec 13, 2019","1.000571","1.001031","1.002243","0.999887","14.56M","-0.05%"
"Dec 12, 2019","1.001031","1.000793","1.002022","1.000494","16.51M","0.02%"
"Dec 11, 2019","1.000793","0.999754","1.001392","0.999747","17.96M","0.10%"
"Dec 10, 2019","0.999754","0.999984","1.001763","0.999594","20.95M","-0.02%"
"Dec 09, 2019","0.999984","0.999013","1.000886","0.998036","22.78M","0.10%"
"Dec 08, 2019","0.999013","0.998578","0.999440","0.996130","13.59M","0.04%"
"Dec 07, 2019","0.998578","0.998594","1.000659","0.998249","16.15M","-0.01%"
"Dec 06, 2019","0.998680","0.999316","1.000285","0.998312","16.55M","-0.06%"
"Dec 05, 2019","0.999316","0.999577","1.001084","0.998906","13.95M","-0.03%"
"Dec 04, 2019","0.999577","0.999110","1.000722","0.997819","25.22M","0.05%"
"Dec 03, 2019","0.999110","0.999253","1.000357","0.998351","23.87M","-0.01%"
"Dec 02, 2019","0.999253","0.998786","1.000293","0.998753","23.87M","0.02%"
"Dec 01, 2019","0.999037","0.999146","1.000494","0.998676","37.77M","-0.01%"
"Nov 30, 2019","0.999144","0.998841","0.999983","0.998487","29.31M","0.03%"
"Nov 29, 2019","0.998836","0.998874","1.000043","0.998549","31.86M","-0.00%"
"Nov 28, 2019","0.998874","0.999064","0.999889","0.998469","41.43M","-0.02%"
"Nov 27, 2019","0.999064","0.999196","1.000398","0.998401","54.66M","-0.01%"
"Nov 26, 2019","0.999196","0.998977","1.001600","0.998637","29.66M","0.05%"
"Nov 25, 2019","0.998724","0.999459","1.000257","0.995893","27.31M","-0.07%"
"Nov 24, 2019","0.999459","0.998373","1.000059","0.998373","19.53M","0.10%"
"Nov 23, 2019","0.998440","0.998946","0.999505","0.997988","31.89M","-0.04%"
"Nov 22, 2019","0.998886","1.001087","1.003759","0.998086","43.19M","-0.22%"
"Nov 21, 2019","1.001087","1.002146","1.007296","1.000438","15.72M","-0.11%"
"Nov 20, 2019","1.002146","1.001480","1.004371","0.999737","17.12M","0.07%"
"Nov 19, 2019","1.001485","1.002147","1.003466","1.000832","18.11M","-0.06%"
"Nov 18, 2019","1.002133","1.000411","1.004199","1.000222","20.80M","0.17%"
"Nov 17, 2019","1.000438","1.001073","1.001687","1.000167","14.71M","-0.06%"
"Nov 16, 2019","1.001073","1.001742","1.001759","0.999979","14.77M","-0.07%"
"Nov 15, 2019","1.001742","1.002294","1.003880","1.000712","11.53M","-0.06%"
"Nov 14, 2019","1.002294","1.001988","1.003887","1.001566","15.11M","0.03%"
"Nov 13, 2019","1.001988","1.000665","1.003205","0.999160","23.84M","0.13%"
"Nov 12, 2019","1.000665","1.001481","1.003223","1.000274","21.82M","-0.08%"
"Nov 11, 2019","1.001481","1.001694","1.005139","0.999058","16.59M","-0.02%"
"Nov 10, 2019","1.001694","1.000372","1.002880","0.999365","10.30M","0.13%"
"Nov 09, 2019","1.000372","1.001363","1.001764","0.998147","7.64M","-0.10%"
"Nov 08, 2019","1.001363","1.000756","1.004261","1.000543","12.37M","0.07%"
"Nov 07, 2019","1.000659","1.000049","1.002265","0.999822","11.65M","0.06%"
"Nov 06, 2019","1.000049","0.999020","1.000624","0.998806","10.52M","0.10%"
"Nov 05, 2019","0.999020","0.997819","0.999864","0.997366","12.25M","0.13%"
"Nov 04, 2019","0.997767","0.999117","1.000167","0.994234","23.85M","-0.14%"
"Nov 03, 2019","0.999117","0.997696","1.000049","0.997002","13.78M","0.14%"
"Nov 02, 2019","0.997696","0.998842","0.999182","0.997170","18.13M","-0.11%"
"Nov 01, 2019","0.998828","0.998259","1.000094","0.996686","21.38M","0.06%"
"Oct 31, 2019","0.998259","0.999055","1.000068","0.997803","18.87M","-0.08%"
"Oct 30, 2019","0.999055","0.997945","1.000203","0.997204","24.55M","0.11%"
"Oct 29, 2019","0.997945","0.998023","0.999801","0.997403","18.95M","-0.02%"
"Oct 28, 2019","0.998174","0.997100","0.999379","0.996364","22.46M","0.10%"
"Oct 27, 2019","0.997176","0.997524","0.998381","0.996465","13.15M","-0.03%"
"Oct 26, 2019","0.997524","0.998417","0.999669","0.992350","30.24M","-0.08%"
"Oct 25, 2019","0.998326","0.998261","0.999666","0.991430","25.57M","-0.02%"
"Oct 24, 2019","0.998570","0.999337","0.999784","0.997557","17.34M","-0.09%"
"Oct 23, 2019","0.999460","0.999081","1.000850","0.998649","24.41M","0.04%"
"Oct 22, 2019","0.999081","0.998213","0.999591","0.997844","20.71M","0.09%"
"Oct 21, 2019","0.998213","0.998393","0.999903","0.997882","18.26M","-0.02%"
"Oct 20, 2019","0.998393","0.998883","0.999744","0.998064","7.32M","-0.04%"
"Oct 19, 2019","0.998816","0.999043","0.999856","0.998469","5.70M","-0.02%"
"Oct 18, 2019","0.999049","0.999475","1.000249","0.998934","12.62M","-0.05%"
"Oct 17, 2019","0.999507","0.999542","1.000614","0.999005","12.53M","-0.00%"
"Oct 16, 2019","0.999542","1.000320","1.000900","0.999232","12.91M","-0.08%"
"Oct 15, 2019","1.000361","0.999387","1.000771","0.998582","12.14M","0.10%"
"Oct 14, 2019","0.999319","0.999378","0.999838","0.997948","9.65M","-0.01%"
"Oct 13, 2019","0.999380","0.999304","0.999666","0.997714","9.37M","0.01%"
"Oct 12, 2019","0.999304","0.999308","0.999885","0.998103","10.04M","0.00%"
"Oct 11, 2019","0.999270","0.996964","1.000494","0.996601","19.51M","0.23%"
"Oct 10, 2019","0.996964","0.997643","0.998677","0.996616","29.98M","-0.07%"
"Oct 09, 2019","0.997643","0.998939","1.000585","0.997399","29.47M","-0.13%"
"Oct 08, 2019","0.998939","0.997991","0.999831","0.997516","23.81M","0.09%"
"Oct 07, 2019","0.997991","0.999617","1.000025","0.997569","28.02M","-0.16%"
"Oct 06, 2019","0.999617","0.998001","0.999815","0.997294","25.44M","0.16%"
"Oct 05, 2019","0.998001","0.997845","0.999357","0.997845","18.84M","0.02%"
"Oct 04, 2019","0.997845","0.998816","1.000780","0.997585","18.07M","-0.10%"
"Oct 03, 2019","0.998816","0.997535","1.000639","0.997201","29.11M","0.13%"
"Oct 02, 2019","0.997535","0.997537","0.999535","0.997138","23.85M","0.00%"
"Oct 01, 2019","0.997525","0.997775","0.999186","0.996561","13.13M","-0.03%"
"Sep 30, 2019","0.997775","0.998491","1.000634","0.997464","14.93M","-0.07%"
"Sep 29, 2019","0.998467","0.998114","0.999812","0.997892","11.59M","0.04%"
"Sep 28, 2019","0.998114","0.998147","0.999515","0.997444","16.51M","-0.00%"
"Sep 27, 2019","0.998147","0.999778","1.001338","0.997465","12.56M","-0.16%"
"Sep 26, 2019","0.999777","0.999624","1.001864","0.999237","18.02M","0.02%"
"Sep 25, 2019","0.999624","0.996485","1.000213","0.996163","18.98M","0.32%"
"Sep 24, 2019","0.996485","1.000698","1.007518","0.989999","36.44M","-0.42%"
"Sep 23, 2019","1.000698","1.000118","1.002586","0.999687","20.36M","0.06%"
"Sep 22, 2019","1.000075","1.000775","1.001700","0.999687","14.60M","-0.07%"
"Sep 21, 2019","1.000775","1.000446","1.001326","0.999244","11.44M","0.03%"
"Sep 20, 2019","1.000446","0.997791","1.001662","0.997596","20.90M","0.26%"
"Sep 19, 2019","0.997863","0.999922","1.004724","0.995370","28.69M","-0.21%"
"Sep 18, 2019","0.999922","0.999730","1.001019","0.998318","22.96M","0.02%"
"Sep 17, 2019","0.999730","0.998496","1.001370","0.997717","30.92M","0.12%"
"Sep 16, 2019","0.998502","0.999001","1.003903","0.994997","19.12M","-0.05%"
"Sep 15, 2019","0.999001","0.997595","1.000064","0.991239","10.08M","0.14%"
"Sep 14, 2019","0.997595","0.998118","1.000806","0.987391","12.28M","-0.07%"
"Sep 13, 2019","0.998275","0.998680","1.001160","0.993681","15.36M","-0.04%"
"Sep 12, 2019","0.998680","1.000049","1.005381","0.983669","14.21M","-0.14%"
"Sep 11, 2019","1.000049","1.000499","1.008861","0.990148","13.66M","-0.05%"
"Sep 10, 2019","1.000499","0.999258","1.004768","0.985401","18.47M","0.12%"
"Sep 09, 2019","0.999258","0.998993","1.009016","0.974550","17.80M","0.03%"
"Sep 08, 2019","0.998993","0.997633","1.011908","0.978868","9.07M","0.13%"
"Sep 07, 2019","0.997739","0.999020","1.007515","0.991416","11.19M","-0.12%"
"Sep 06, 2019","0.998909","0.999216","1.004241","0.979311","23.13M","-0.03%"
"Sep 05, 2019","0.999216","0.999069","1.000290","0.992546","13.09M","0.01%"
"Sep 04, 2019","0.999068","0.998528","1.003363","0.997310","19.84M","0.05%"
"Sep 03, 2019","0.998528","0.997716","1.000014","0.997433","24.84M","0.08%"
"Sep 02, 2019","0.997716","0.997588","1.000293","0.991540","31.49M","0.01%"
"Sep 01, 2019","0.997588","0.999536","0.999913","0.997553","17.44M","-0.19%"
"Aug 31, 2019","0.999536","0.999341","1.000386","0.998975","17.71M","0.02%"
"Aug 30, 2019","0.999341","1.000192","1.002806","0.881439","19.32M","-0.08%"
"Aug 29, 2019","1.000132","1.000462","1.010195","0.968807","21.21M","-0.04%"
"Aug 28, 2019","1.000557","1.001461","1.008104","0.974656","32.60M","-0.10%"
"Aug 27, 2019","1.001529","1.001716","1.014884","0.999639","19.46M","-0.02%"
"Aug 26, 2019","1.001716","1.000063","1.005495","0.997090","30.57M","0.17%"
"Aug 25, 2019","1.000046","0.998970","1.003228","0.984719","22.65M","0.10%"
"Aug 24, 2019","0.999037","0.998699","1.000836","0.995345","18.66M","0.03%"
"Aug 23, 2019","0.998699","0.999100","1.000502","0.996600","25.40M","-0.04%"
"Aug 22, 2019","0.999100","1.001261","1.002125","0.997956","17.94M","-0.22%"
"Aug 21, 2019","1.001261","0.999625","1.003894","0.999253","16.43M","0.16%"
"Aug 20, 2019","0.999625","0.999233","1.002747","0.997029","16.45M","0.04%"
"Aug 19, 2019","0.999233","0.999104","1.012337","0.962500","17.59M","0.01%"
"Aug 18, 2019","0.999104","1.000233","1.001765","0.985236","13.71M","-0.11%"
"Aug 17, 2019","1.000233","0.999354","1.002000","0.998323","15.47M","0.09%"
"Aug 16, 2019","0.999354","1.001096","1.006586","0.964309","22.87M","-0.16%"
"Aug 15, 2019","1.000926","1.003229","1.005459","0.987337","21.52M","-0.23%"
"Aug 14, 2019","1.003229","1.003234","1.006497","1.000592","16.01M","-0.01%"
"Aug 13, 2019","1.003317","1.001430","1.006222","0.999360","12.69M","0.19%"
"Aug 12, 2019","1.001430","1.001163","1.003726","0.993886","15.07M","0.04%"
"Aug 11, 2019","1.001070","1.002831","1.003499","0.975107","10.44M","-0.18%"
"Aug 10, 2019","1.002829","1.001669","1.008655","0.995646","18.44M","0.12%"
"Aug 09, 2019","1.001668","1.001157","1.003600","1.000007","13.09M","0.05%"
"Aug 08, 2019","1.001157","1.000517","1.006736","1.000107","16.85M","0.06%"
"Aug 07, 2019","1.000517","1.001562","1.006094","0.999904","19.74M","-0.10%"
"Aug 06, 2019","1.001514","0.995843","1.002854","0.989606","22.48M","0.57%"
"Aug 05, 2019","0.995842","0.984683","0.997562","0.972381","276.74K","1.13%"
"Aug 04, 2019","0.984683","1.001077","1.002409","0.979260","140.21K","-1.64%"
"Aug 03, 2019","1.001077","1.002565","1.007939","0.996928","195.60K","-0.15%"
"Aug 02, 2019","1.002566","0.996355","1.017058","0.992438","255.28K","0.62%"
"Aug 01, 2019","0.996355","0.998530","1.007880","0.976641","112.02K","-0.22%"
"Jul 31, 2019","0.998530","0.992539","1.000568","0.991552","452.52K","0.46%"
"Jul 30, 2019","0.993922","0.998836","1.000499","0.985034","524.07K","-0.44%"
"Jul 29, 2019","0.998340","0.998322","1.009101","0.996749","271.70K","0.00%"
"Jul 28, 2019","0.998321","0.999341","1.004663","0.995521","305.43K","-0.10%"
"Jul 27, 2019","0.999341","0.998563","1.003302","0.994565","406.06K","0.08%"
"Jul 26, 2019","0.998563","0.998327","1.003265","0.993213","211.70K","0.02%"
"Jul 25, 2019","0.998327","0.996049","1.011332","0.993294","130.20K","0.23%"
"Jul 24, 2019","0.996049","1.002090","1.005728","0.995105","182.30K","-0.60%"
"Jul 23, 2019","1.002090","1.000776","1.011025","0.998922","299.33K","0.13%"
"Jul 22, 2019","1.000776","0.998503","1.004047","0.997039","661.51K","0.23%"
"Jul 21, 2019","0.998503","1.000583","1.005717","0.996555","607.97K","-0.21%"
"Jul 20, 2019","1.000583","1.000656","1.007674","0.998104","499.82K","-0.01%"
"Jul 19, 2019","1.000656","0.998793","1.006773","0.997335","432.45K","0.19%"
"Jul 18, 2019","0.998793","0.995711","1.003703","0.987127","692.48K","0.31%"
"Jul 17, 2019","0.995711","0.996571","1.004210","0.990459","158.86K","-0.09%"
"Jul 16, 2019","0.996570","1.005428","1.009455","0.994775","366.48K","-0.88%"
"Jul 15, 2019","1.005428","0.999919","1.015157","0.995898","220.94K","0.55%"
"Jul 14, 2019","0.999919","1.001193","1.006545","0.997282","798.33K","-0.13%"
"Jul 13, 2019","1.001195","1.006989","1.007933","0.994413","561.77K","-0.58%"
"Jul 12, 2019","1.007000","1.001210","1.013149","0.997174","184.50K","0.58%"
"Jul 11, 2019","1.001210","1.001447","1.003315","0.994572","1.29M","-0.02%"
"Jul 10, 2019","1.001447","0.997719","1.006216","0.992984","256.04K","0.37%"
"Jul 09, 2019","0.997719","1.000593","1.004887","0.993486","470.07K","-0.29%"
"Jul 08, 2019","1.000593","0.995203","1.006321","0.989269","82.63K","0.54%"
"Jul 07, 2019","0.995201","0.992611","0.999972","0.986741","108.52K","0.26%"
"Jul 06, 2019","0.992608","0.995045","0.998632","0.986369","83.44K","-0.24%"
"Jul 05, 2019","0.995042","0.991331","1.000114","0.989548","165.60K","0.37%"
"Jul 04, 2019","0.991331","1.002178","1.009897","0.990593","176.15K","-1.08%"
"Jul 03, 2019","1.002178","1.001290","1.015000","0.991319","149.74K","0.09%"
"Jul 02, 2019","1.001290","1.012674","1.031711","0.993864","150.51K","-1.12%"
"Jul 01, 2019","1.012674","0.984757","1.016536","0.982861","193.71K","2.83%"
"Jun 30, 2019","0.984757","1.014613","1.017757","0.982848","122.51K","-2.91%"
"Jun 29, 2019","1.014271","1.013751","1.020187","0.993832","216.25K","0.13%"
"Jun 28, 2019","1.013003","1.014627","1.027677","1.004791","185.94K","-0.16%"
"Jun 27, 2019","1.014626","1.006024","1.027850","0.998743","743.63K","0.86%"
"Jun 26, 2019","1.006022","1.022992","1.042112","0.985466","393.67K","-1.66%"
"Jun 25, 2019","1.022994","1.012497","1.036369","1.006303","102.84K","1.04%"
"Jun 24, 2019","1.012498","1.003501","1.018522","0.993502","102.68K","0.90%"
"Jun 23, 2019","1.003501","1.003989","1.005997","0.988697","191.99K","-0.05%"
"Jun 22, 2019","1.003989","0.994827","1.006405","0.990054","446.11K","0.92%"
"Jun 21, 2019","0.994825","1.007042","1.010632","0.964830","275.69K","-1.25%"
"Jun 20, 2019","1.007459","1.006427","1.016163","1.003967","169.67K","0.10%"
"Jun 19, 2019","1.006427","1.006904","1.022715","0.999488","146.38K","-0.05%"
"Jun 18, 2019","1.006904","0.987212","1.022641","0.977529","140.09K","1.99%"
"Jun 17, 2019","0.987212","1.001450","1.033712","0.977368","103.02K","-1.42%"
"Jun 16, 2019","1.001450","1.000150","1.004817","0.997689","791.54K","0.13%"
"Jun 15, 2019","1.000151","1.008241","1.008837","0.993679","405.98K","-0.80%"
"Jun 14, 2019","1.008241","0.997073","1.010132","0.989184","224.94K","1.12%"
"Jun 13, 2019","0.997073","0.993669","1.000913","0.992626","426.31K","0.34%"
"Jun 12, 2019","0.993669","0.984419","0.996231","0.970598","809.02K","1.32%"
"Jun 11, 2019","0.980771","0.994228","1.002151","0.974650","218.43K","-1.43%"
"Jun 10, 2019","0.994990","0.985764","0.997038","0.981463","351.74K","0.94%"
"Jun 09, 2019","0.985764","0.990686","0.997393","0.962980","208.80K","-0.50%"
"Jun 08, 2019","0.990684","0.996318","0.998821","0.987795","192.82K","-0.57%"
"Jun 07, 2019","0.996316","0.994995","0.999288","0.992024","329.36K","-0.05%"
"Jun 06, 2019","0.996766","0.990176","0.999936","0.978393","227.41K","0.67%"
"Jun 05, 2019","0.990172","0.999751","1.000687","0.988904","335.50K","-0.96%"
"Jun 04, 2019","0.999751","0.999648","1.008279","0.995574","750.10K","0.06%"
"Jun 03, 2019","0.999189","0.998730","1.003862","0.993892","540.97K","0.03%"
"Jun 02, 2019","0.998865","1.000036","1.004250","0.997650","206.18K","-0.12%"
"Jun 01, 2019","1.000036","0.998170","1.003563","0.995997","639.88K","0.23%"
"May 31, 2019","0.997781","0.991973","1.002380","0.991973","784.95K","0.59%"
"May 30, 2019","0.991973","0.988119","1.003459","0.984688","820.45K","0.25%"
"May 29, 2019","0.989472","1.000038","1.003217","0.986745","252.94K","-1.09%"
"May 28, 2019","1.000382","0.995575","1.003872","0.994696","283.44K","0.48%"
"May 27, 2019","0.995574","0.994989","0.998783","0.982809","835.75K","0.04%"
"May 26, 2019","0.995197","1.020398","1.021701","0.988128","842.65K","-2.47%"
"May 25, 2019","1.020398","1.013349","1.021614","1.009162","166.50K","0.69%"
"May 24, 2019","1.013357","0.996637","1.014018","0.994836","239.10K","1.81%"
"May 23, 2019","0.995386","1.001712","1.002420","0.991150","410.71K","-0.63%"
"May 22, 2019","1.001713","0.996014","1.005541","0.995170","953.03K","0.53%"
"May 21, 2019","0.996457","0.995161","1.000688","0.993384","872.55K","0.11%"
"May 20, 2019","0.995332","0.997143","1.001387","0.993878","900.83K","-0.18%"
"May 19, 2019","0.997130","0.995812","1.000267","0.991317","1.17M","0.13%"
"May 18, 2019","0.995810","0.999986","0.999986","0.994005","697.39K","-0.42%"
"May 17, 2019","0.999986","0.999145","1.036309","0.994425","2.06M","0.09%"
"May 16, 2019","0.999085","0.997466","1.010656","0.996102","1.83M","0.13%"
"May 15, 2019","0.997798","1.001638","1.003806","0.993391","1.91M","-0.38%"
"May 14, 2019","1.001638","0.995556","1.007354","0.993004","1.72M","0.61%"
"May 13, 2019","0.995556","1.001872","1.009388","0.990483","2.52M","-0.63%"
"May 12, 2019","1.001872","0.998266","1.003940","0.989649","3.65M","0.36%"
"May 11, 2019","0.998289","1.006433","1.008201","0.989832","4.40M","-0.81%"
"May 10, 2019","1.006434","1.006628","1.020051","1.002581","2.32M","-0.02%"
"May 09, 2019","1.006629","1.020009","1.022319","1.005018","959.69K","-1.20%"
"May 08, 2019","1.018901","1.021618","1.026866","1.012605","196.89K","-0.32%"
"May 07, 2019","1.022131","1.016959","1.026048","1.014375","228.41K","0.51%"
"May 06, 2019","1.016961","1.005119","1.024816","0.994555","269.56K","1.18%"
"May 05, 2019","1.005119","1.007801","1.021683","1.000144","118.89K","-0.27%"
"May 04, 2019","1.007802","1.021233","1.025123","1.006633","237.63K","-1.32%"
"May 03, 2019","1.021233","1.023328","1.033522","1.006731","390.49K","-0.08%"
"May 02, 2019","1.022029","1.017434","1.023426","1.008359","142.50K","0.45%"
"May 01, 2019","1.017434","1.010687","1.024932","1.003019","152.15K","0.67%"
"Apr 30, 2019","1.010687","1.003469","1.015291","1.003210","114.66K","0.72%"
"Apr 29, 2019","1.003465","1.004747","1.013051","0.997951","159.61K","-0.13%"
"Apr 28, 2019","1.004742","1.002095","1.013672","0.998942","158.43K","0.26%"
"Apr 27, 2019","1.002095","1.044515","1.044913","1.000131","154.42K","-4.06%"
"Apr 26, 2019","1.044512","1.011032","1.045009","1.010956","1.78M","3.29%"
"Apr 25, 2019","1.011229","0.985005","1.022927","0.954523","496.62K","2.66%"
"Apr 24, 2019","0.985004","0.942674","0.985985","0.936585","133.29K","4.49%"
"Apr 23, 2019","0.942674","0.972551","0.984920","0.936942","90.03K","-3.07%"
"Apr 22, 2019","0.972551","0.958371","0.977384","0.949207","160.89K","1.48%"
"Apr 21, 2019","0.958368","0.990546","1.001421","0.950340","88.62K","-3.25%"
"Apr 20, 2019","0.990546","0.978583","0.998354","0.973748","99.66K","1.22%"
"Apr 19, 2019","0.978574","1.020823","1.028079","0.959614","167.98K","-3.97%"
"Apr 18, 2019","1.019033","0.992113","1.035343","0.989831","88.90K","2.71%"
"Apr 17, 2019","0.992111","1.009174","1.026287","0.983335","260.19K","-1.69%"
"Apr 16, 2019","1.009177","0.991108","1.016637","0.988301","118.94K","1.82%"
"Apr 15, 2019","0.991108","0.996900","1.030184","0.983617","159.25K","-0.58%"
"Apr 14, 2019","0.996900","0.998574","1.007973","0.992637","100.05K","-0.17%"
"Apr 13, 2019","0.998574","1.003412","1.007678","0.991333","93.64K","-0.48%"
"Apr 12, 2019","1.003414","0.988702","1.008644","0.975687","109.53K","1.32%"
"Apr 11, 2019","0.990387","1.018506","1.021158","0.980411","118.49K","-2.76%"
"Apr 10, 2019","1.018514","0.989513","1.028869","0.983869","162.37K","3.20%"
"Apr 09, 2019","0.986917","0.991380","1.009090","0.984058","97.93K","-0.45%"
"Apr 08, 2019","0.991381","0.976290","1.019457","0.974976","182.82K","1.55%"
"Apr 07, 2019","0.976290","0.975317","1.017466","0.970529","117.36K","0.27%"
"Apr 06, 2019","0.973707","0.984500","0.989956","0.970435","117.14K","-1.10%"
"Apr 05, 2019","0.984500","0.983264","1.011766","0.977766","167.88K","0.11%"
"Apr 04, 2019","0.983384","0.984904","1.055013","0.976738","120.70K","-0.15%"
"Apr 03, 2019","0.984904","0.996512","1.017753","0.981295","126.77K","-1.06%"
"Apr 02, 2019","0.995472","1.003501","1.016955","0.952181","182.42K","-0.80%"
"Apr 01, 2019","1.003501","1.008754","1.011043","1.001589","155.70K","-0.18%"
"Mar 31, 2019","1.005350","1.009868","1.014663","1.002679","98.52K","-0.45%"
"Mar 30, 2019","1.009868","1.006313","1.017295","1.002824","107.37K","0.35%"
"Mar 29, 2019","1.006349","1.001016","1.010914","0.994936","111.99K","0.89%"
"Mar 28, 2019","0.997510","0.996466","1.003554","0.987235","76.92K","0.10%"
"Mar 27, 2019","0.996466","0.986371","1.010639","0.985943","220.88K","1.02%"
"Mar 26, 2019","0.986371","0.996666","0.999783","0.985834","84.05K","-1.03%"
"Mar 25, 2019","0.996664","0.988427","1.000238","0.986948","132.30K","0.83%"
"Mar 24, 2019","0.988427","1.002358","1.010293","0.986945","89.17K","-1.90%"
"Mar 23, 2019","1.007547","1.006433","1.019251","1.000593","90.45K","0.11%"
"Mar 22, 2019","1.006433","1.004441","1.009886","1.001272","123.85K","-0.08%"
"Mar 21, 2019","1.007219","1.002287","1.022709","1.000628","115.29K","0.49%"
"Mar 20, 2019","1.002287","1.007336","1.009171","1.000389","105.50K","-0.43%"
"Mar 19, 2019","1.006575","1.008296","1.009380","1.000394","92.38K","-0.14%"
"Mar 18, 2019","1.008018","1.013912","1.019384","1.000386","97.43K","-0.58%"
"Mar 17, 2019","1.013912","1.013109","1.024961","1.011265","124.15K","-0.22%"
"Mar 16, 2019","1.016121","1.002298","1.025184","1.000526","109.30K","1.38%"
"Mar 15, 2019","1.002298","1.001715","1.009427","1.001151","104.93K","-0.01%"
"Mar 14, 2019","1.002365","1.003511","1.004810","0.999628","101.10K","-0.11%"
"Mar 13, 2019","1.003511","1.008333","1.008787","0.996962","100.20K","-0.48%"
"Mar 12, 2019","1.008333","0.996887","1.008828","0.989627","401.95K","1.15%"
"Mar 11, 2019","0.996887","1.018814","1.023690","0.987658","102.44K","-1.89%"
"Mar 10, 2019","1.016130","1.031295","1.034106","1.014095","80.78K","-1.47%"
"Mar 09, 2019","1.031295","1.023450","1.043210","1.023291","82.49K","0.77%"
"Mar 08, 2019","1.023452","1.005508","1.023574","1.004397","83.36K","1.78%"
"Mar 07, 2019","1.005508","1.004194","1.013956","0.994721","82.61K","0.13%"
"Mar 06, 2019","1.004194","0.999116","1.004460","0.994709","81.27K","0.70%"
"Mar 05, 2019","0.997223","0.973886","1.011021","0.973515","106.23K","2.41%"
"Mar 04, 2019","0.973787","1.002334","1.003880","0.966747","101.99K","-2.60%"
"Mar 03, 2019","0.999784","0.997863","1.004440","0.994644","84.02K","0.39%"
"Mar 02, 2019","0.995921","1.019254","1.023128","0.994633","82.39K","-2.29%"
"Mar 01, 2019","1.019254","0.994065","1.026551","0.990687","87.76K","2.53%"
"Feb 28, 2019","0.994065","0.988151","1.004503","0.984008","105.53K","0.60%"
"Feb 27, 2019","0.988150","0.992541","1.004504","0.986767","109.29K","-0.14%"
"Feb 26, 2019","0.989526","0.975447","0.996638","0.956467","114.95K","1.44%"
"Feb 25, 2019","0.975447","0.973945","0.988408","0.970271","118.43K","0.15%"
"Feb 24, 2019","0.973945","1.030249","1.033444","0.970094","125.90K","-5.47%"
"Feb 23, 2019","1.030249","1.036363","1.050137","1.013909","120.63K","-0.59%"
"Feb 22, 2019","1.036363","1.023140","1.050081","1.022485","87.08K","1.29%"
"Feb 21, 2019","1.023140","1.038316","1.044231","1.016293","133.50K","-1.46%"
"Feb 20, 2019","1.038316","1.030055","1.059919","1.006431","39.77K","0.80%"
"Feb 19, 2019","1.030055","1.023922","1.043858","1.012814","111.57K","1.10%"
"Feb 18, 2019","1.018864","1.006709","1.033827","0.998103","89.02K","1.39%"
"Feb 17, 2019","1.004934","1.000300","1.022884","0.996796","121.84K","0.46%"
"Feb 16, 2019","1.000300","1.006568","1.006671","0.996776","82.14K","-0.03%"
"Feb 15, 2019","1.000553","1.011634","1.016660","0.959028","83.96K","-1.10%"
"Feb 14, 2019","1.011634","1.018407","1.020124","1.006751","86.48K","0.15%"
"Feb 13, 2019","1.010135","1.021211","1.023973","1.007386","84.60K","-0.93%"
"Feb 12, 2019","1.019602","0.995336","1.042592","0.988651","99.90K","2.44%"
"Feb 11, 2019","0.995336","0.989476","0.997148","0.987785","91.43K","0.37%"
"Feb 10, 2019","0.991665","0.978873","1.006626","0.970512","91.04K","0.86%"
"Feb 09, 2019","0.983173","1.020810","1.023175","0.966170","91.59K","-3.69%"
"Feb 08, 2019","1.020810","1.004618","1.042506","0.998535","212.38K","1.61%"
"Feb 07, 2019","1.004618","1.022873","1.025339","0.997237","181.27K","-1.78%"
"Feb 06, 2019","1.022873","1.016312","1.025079","0.945392","99.24K","0.65%"
"Feb 05, 2019","1.016312","1.016599","1.020572","1.006922","94.67K","-0.05%"
"Feb 04, 2019","1.016790","1.016719","1.025409","1.013732","271.69K","0.01%"
"Feb 03, 2019","1.016719","1.023727","1.025692","1.016008","92.97K","-0.68%"
"Feb 02, 2019","1.023727","1.050519","1.073304","1.006671","102.29K","-2.55%"
"Feb 01, 2019","1.050519","1.034238","1.063655","1.022349","97.26K","1.57%"
"Jan 31, 2019","1.034238","1.024411","1.038222","1.021087","110.23K","0.96%"
"Jan 30, 2019","1.024411","1.006062","1.037203","1.000265","121.90K","1.82%"
"Jan 29, 2019","1.006062","0.999442","1.016520","0.997060","100.43K","0.66%"
"Jan 28, 2019","0.999442","0.996559","1.006230","0.979081","89.66K","0.29%"
"Jan 27, 2019","0.996559","0.984714","1.005550","0.983577","105.28K","0.83%"
"Jan 26, 2019","0.988334","0.992573","0.993375","0.983521","82.49K","-0.43%"
"Jan 25, 2019","0.992573","0.995033","0.997561","0.985228","91.17K","0.09%"
"Jan 24, 2019","0.991706","0.996403","0.999539","0.989773","59.27K","-0.47%"
"Jan 23, 2019","0.996403","0.993621","0.998947","0.989653","184.96K","0.28%"
"Jan 22, 2019","0.993621","0.997516","1.004995","0.983576","113.82K","-0.39%"
"Jan 21, 2019","0.997516","0.986485","0.997516","0.985245","112.70K","1.12%"
"Jan 20, 2019","0.986485","0.982401","0.988758","0.980374","161.53K","0.42%"
"Jan 19, 2019","0.982401","0.986079","0.987550","0.980498","130.45K","-0.37%"
"Jan 18, 2019","0.986079","0.986728","0.988375","0.984017","162.95K","-0.07%"
"Jan 17, 2019","0.986728","0.987307","0.991947","0.984649","121.17K","-0.06%"
"Jan 16, 2019","0.987306","0.930424","0.997069","0.929572","155.34K","6.11%"
"Jan 15, 2019","0.930429","0.946659","0.963294","0.929596","146.91K","-1.71%"
"Jan 14, 2019","0.946659","0.964940","1.016134","0.946656","89.03K","-1.89%"
"Jan 13, 2019","0.964940","0.972952","0.973453","0.955655","92.15K","-0.82%"
"Jan 12, 2019","0.972952","0.990329","1.013870","0.971987","134.00K","-1.75%"
"Jan 11, 2019","0.990330","0.985940","0.995747","0.985252","119.88K","0.45%"
"Jan 10, 2019","0.985940","0.951643","0.997455","0.951643","210.65K","3.60%"
"Jan 09, 2019","0.951643","0.924541","0.951643","0.924541","80.44K","2.93%"
"Jan 08, 2019","0.924541","0.968871","0.968872","0.924395","86.65K","-4.58%"
"Jan 07, 2019","0.968871","0.975964","0.978523","0.968800","90.60K","-0.73%"
"Jan 06, 2019","0.975965","0.970174","0.980515","0.966431","162.11K","0.60%"
"Jan 05, 2019","0.970174","0.965232","0.977428","0.965034","127.84K","0.51%"
"Jan 04, 2019","0.965232","0.852092","0.968622","0.766025","114.57K","13.28%"
"Jan 03, 2019","0.852092","1.070365","1.078588","0.828964","70.47K","-20.39%"
"Jan 02, 2019","1.070365","1.009380","1.088348","1.008250","87.21K","6.04%"
"Jan 01, 2019","1.009384","1.016339","1.019598","1.006619","143.59K","-0.66%"
"Dec 31, 2018","1.016068","1.021986","1.036397","1.010945","136.29K","-0.58%"
"Dec 30, 2018","1.021986","1.024841","1.027691","0.998130","122.54K","-0.28%"
"Dec 29, 2018","1.024842","0.985482","1.028029","0.982157","121.50K","3.89%"
"Dec 28, 2018","0.986448","0.982382","1.031261","0.978371","151.11K","0.41%"
"Dec 27, 2018","0.982382","1.011164","1.017822","0.978441","77.47K","-2.85%"
"Dec 26, 2018","1.011164","0.995290","1.015749","0.993012","79.46K","1.59%"
"Dec 25, 2018","0.995290","1.007524","1.007717","0.990943","95.37K","-1.21%"
"Dec 24, 2018","1.007524","1.004535","1.027396","1.003463","271.33K","0.30%"
"Dec 23, 2018","1.004535","0.956839","1.005763","0.951030","93.58K","4.98%"
"Dec 22, 2018","0.956839","0.983328","0.985853","0.954831","67.16K","-2.69%"
"Dec 21, 2018","0.983328","0.992900","0.999977","0.957243","157.43K","-0.96%"
"Dec 20, 2018","0.992900","0.994912","0.995966","0.959831","245.76K","-0.20%"
"Dec 19, 2018","0.994912","1.009251","1.009251","0.991767","201.05K","-1.42%"
"Dec 18, 2018","1.009251","1.010888","1.025976","1.003992","232.39K","-0.16%"
"Dec 17, 2018","1.010888","1.014153","1.022803","1.002980","128.45K","-0.32%"
"Dec 16, 2018","1.014153","1.015623","1.019319","1.011892","109.09K","-0.14%"
"Dec 15, 2018","1.015623","1.012896","1.018302","1.010671","65.11K","0.27%"
"Dec 14, 2018","1.012896","1.013866","1.015704","1.008298","266.77K","-0.10%"
"Dec 13, 2018","1.013866","1.008830","1.015216","1.004399","157.29K","0.50%"
"Dec 12, 2018","1.008830","1.011304","1.019750","1.002814","308.79K","-0.36%"
"Dec 11, 2018","1.012521","1.007914","1.013981","1.007777","210.87K","0.46%"
"Dec 10, 2018","1.007914","1.007319","1.014609","1.006592","154.41K","0.06%"
"Dec 09, 2018","1.007319","1.005326","1.011886","1.004483","140.32K","0.20%"
"Dec 08, 2018","1.005326","1.005201","1.011328","1.003980","218.42K","0.01%"
"Dec 07, 2018","1.005201","1.003567","1.018534","0.997746","388.72K","0.24%"
"Dec 06, 2018","1.002820","1.015979","1.020205","0.996354","285.49K","-1.30%"